Income,Kidhome,Teenhome,Recency,MntWines,MntFruits,MntMeatProducts,MntFishProducts,MntSweetProducts,MntGoldProds
58138.0,0,0,58,635,88,546,172,88,88
46344.0,1,1,38,11,1,6,2,1,6
71613.0,0,0,26,426,49,127,111,21,42
26646.0,1,0,26,11,4,20,10,3,5
58293.0,1,0,94,173,43,118,46,27,15
62513.0,0,1,16,520,42,98,0,42,14
55635.0,0,1,34,235,65,164,50,49,27
33454.0,1,0,32,76,10,56,3,1,23
30351.0,1,0,19,14,0,24,3,3,2
5648.0,1,1,68,28,0,6,1,1,13
7500.0,0,0,59,6,16,11,11,1,16
63033.0,0,0,82,194,61,480,225,112,30
59354.0,1,1,53,233,2,53,3,5,14
17323.0,0,0,38,3,14,17,6,1,5
82800.0,0,0,23,1006,22,115,59,68,45
41850.0,1,1,51,53,5,19,2,13,4
37760.0,0,0,20,84,5,38,150,12,28
76995.0,0,1,91,1012,80,498,0,16,176
33812.0,1,0,86,4,17,19,30,24,39
37040.0,0,0,41,86,2,73,69,38,48
2447.0,1,0,42,1,1,1725,1,1,1
58607.0,0,1,63,867,0,86,0,0,19
65324.0,0,1,0,384,0,102,21,32,5
40689.0,0,1,69,270,3,27,39,6,99
18589.0,0,0,89,6,4,25,15,12,13
53359.0,1,1,4,173,4,30,3,6,41
38360.0,1,0,26,36,2,42,20,21,10
84618.0,0,0,96,684,100,801,21,66,0
10979.0,0,0,34,8,4,10,2,2,4
38620.0,0,0,56,112,17,44,34,22,89
40548.0,0,1,31,110,0,5,2,0,3
46610.0,0,2,8,96,12,96,33,22,43
68657.0,0,0,4,482,34,471,119,68,22
49389.0,1,1,55,40,0,19,2,1,3
67353.0,0,1,37,702,17,151,0,8,35
23718.0,1,0,76,6,3,14,15,7,36
42429.0,0,1,99,55,0,6,2,0,4
48948.0,0,0,53,437,8,206,160,49,42
80011.0,0,1,3,421,76,536,82,178,102
20559.0,1,0,88,13,1,29,3,0,7
21994.0,0,1,4,9,0,6,3,1,3
7500.0,1,0,19,3,1,10,3,2,12
79941.0,0,0,72,123,164,266,227,30,174
7500.0,0,0,24,3,18,14,15,22,50
41728.0,1,0,92,13,6,15,3,5,13
72550.0,1,1,39,826,50,317,50,38,38
65486.0,0,1,29,245,19,125,37,67,14
79143.0,0,0,2,650,37,780,27,167,32
35790.0,1,0,54,12,6,20,30,1,3
82582.0,0,0,54,510,120,550,156,40,241
66373.0,1,1,57,328,9,124,12,24,109
82384.0,0,0,55,984,51,432,180,120,190
70287.0,0,0,30,295,35,482,121,120,40
27938.0,1,0,31,13,0,8,2,1,5
55954.0,0,1,63,447,0,28,0,0,43
75777.0,0,0,12,712,26,538,69,13,80
66653.0,1,1,18,452,18,102,16,18,6
61823.0,0,1,26,523,7,134,37,14,169
67680.0,0,1,8,546,0,48,0,6,6
70666.0,0,0,29,398,40,367,119,122,30
25721.0,1,0,75,1,3,6,3,6,15
32474.0,1,1,0,10,0,1,0,0,0
88194.0,0,1,19,688,14,309,201,24,38
69096.0,0,1,4,247,49,159,7,82,109
74854.0,1,2,90,856,59,487,58,29,73
66991.0,0,0,1,496,36,460,189,60,12
65031.0,0,1,29,258,107,291,84,37,86
60631.0,1,1,88,565,6,65,0,6,19
28332.0,0,0,58,14,10,13,4,15,9
40246.0,1,0,68,2,1,6,2,1,1
75251.0,0,0,34,721,111,925,97,18,18
75825.0,0,0,40,1032,105,779,137,105,51
26326.0,0,0,12,1,0,5,0,3,9
56046.0,0,0,9,577,0,64,0,0,51
29760.0,1,0,87,64,4,68,7,5,17
26304.0,1,0,5,4,1,5,2,0,4
23559.0,1,0,87,25,5,19,7,0,23
38620.0,0,0,56,112,17,44,34,22,89
81361.0,0,0,18,163,23,424,27,65,76
29440.0,1,1,95,17,8,14,10,4,3
36138.0,1,1,48,130,0,16,0,0,5
50388.0,0,1,3,292,6,37,0,3,34
79593.0,0,0,70,350,60,568,110,133,145
54178.0,0,1,79,135,9,39,4,0,7
42394.0,1,0,69,15,2,10,0,1,4
23626.0,1,0,84,27,2,14,0,0,0
30096.0,1,0,30,5,3,11,12,5,9
47916.0,0,1,72,505,0,26,0,0,75
51813.0,1,1,37,51,2,7,0,1,2
78497.0,0,0,44,207,26,447,75,0,223
50150.0,0,0,32,135,46,92,65,61,11
47823.0,0,1,0,53,1,5,2,1,10
34554.0,0,1,43,41,1,6,2,0,5
85693.0,0,1,59,386,172,183,185,132,111
65846.0,0,0,68,562,81,276,80,40,81
87195.0,0,0,35,217,76,690,50,26,38
24594.0,1,0,94,1,3,6,10,0,9
49096.0,1,1,15,144,1,32,2,1,7
52413.0,0,2,56,295,106,271,75,98,65
38557.0,1,0,17,76,3,31,4,4,27
89058.0,0,0,18,454,194,106,31,22,43
77298.0,0,1,46,425,115,292,23,35,79
68126.0,0,0,40,1332,17,311,23,51,86
57288.0,0,1,27,527,0,21,0,0,60
86037.0,0,0,95,490,44,125,29,20,22
43974.0,1,0,19,378,0,101,0,0,72
50785.0,1,1,27,64,1,21,0,1,27
90765.0,0,0,25,547,99,812,151,82,33
36550.0,1,0,74,47,90,94,123,103,120
30753.0,1,1,85,12,5,25,0,9,30
21918.0,1,0,37,1,6,7,11,5,3
56129.0,0,1,65,320,48,133,39,72,48
32557.0,1,0,13,34,3,29,0,4,10
19510.0,2,0,63,9,0,7,3,4,7
30992.0,1,0,83,17,0,14,7,3,2
101970.0,0,0,69,722,27,102,44,72,168
71488.0,0,0,87,162,33,124,40,28,172
79607.0,0,0,37,450,133,951,173,0,216
54348.0,1,1,51,70,0,16,0,0,4
77376.0,1,1,72,492,19,110,16,12,12
62998.0,0,1,10,120,58,73,65,89,58
61331.0,1,1,42,534,5,47,0,5,41
73448.0,0,0,10,236,106,189,23,41,130
41551.0,1,1,51,220,0,33,3,0,23
62981.0,0,0,21,796,14,590,38,44,0
9548.0,1,0,31,0,1,3,10,6,9
33762.0,2,1,61,53,1,34,2,0,16
35860.0,1,1,37,15,0,8,4,2,20
36921.0,1,1,74,17,1,12,3,1,4
92859.0,0,0,46,962,61,921,52,61,20
65104.0,0,1,4,738,0,232,13,20,50
86111.0,0,0,73,399,28,756,36,40,126
68352.0,0,1,47,614,16,132,43,33,33
41883.0,1,0,13,32,34,41,73,16,116
59809.0,0,2,36,598,16,141,32,41,49
23957.0,1,0,47,2,1,18,20,11,16
38547.0,1,0,49,6,1,10,0,1,4
35688.0,2,1,94,73,3,90,12,1,32
49605.0,0,0,65,42,16,29,12,20,8
59354.0,0,2,59,295,21,78,39,13,13
65747.0,0,1,96,346,17,48,23,13,13
46344.0,0,1,28,233,20,57,8,20,91
34176.0,1,0,12,5,7,24,19,14,20
61010.0,0,1,57,888,0,57,0,0,76
69372.0,0,0,10,997,26,269,34,13,42
49967.0,0,1,4,212,6,69,4,12,3
60199.0,1,2,49,8,1,7,2,0,0
55375.0,0,1,3,42,11,57,10,28,14
80317.0,0,0,64,536,11,387,149,91,57
30523.0,2,1,0,5,0,3,0,0,5
70356.0,0,0,20,1349,16,249,43,16,33
23228.0,1,0,91,53,3,49,7,4,5
74165.0,0,0,9,1001,12,240,16,12,12
43482.0,2,1,83,18,1,32,6,3,28
62551.0,0,0,27,125,16,98,134,21,27
52332.0,0,0,63,212,5,33,7,0,2
66951.0,0,0,46,277,162,305,173,76,124
26091.0,1,1,84,15,10,19,8,17,20
33456.0,1,1,58,7,3,10,8,1,7
28718.0,1,0,78,12,4,6,11,8,16
50447.0,2,0,4,85,7,24,2,3,27
53537.0,1,1,17,81,0,6,0,0,6
52074.0,0,1,77,59,0,12,0,0,48
80427.0,0,1,56,1149,71,449,69,71,26
83837.0,0,0,79,847,66,119,86,89,111
38853.0,1,1,90,29,0,14,0,0,2
38285.0,2,1,96,2,0,5,2,0,1
78497.0,0,0,44,207,26,447,75,0,223
51650.0,0,1,81,152,3,22,2,5,7
16248.0,1,0,77,12,11,10,3,12,9
66835.0,0,0,21,620,26,195,34,17,141
30477.0,1,0,16,47,1,6,0,0,12
28249.0,0,0,80,1,9,7,2,14,10
25271.0,1,0,45,10,1,18,10,4,7
32303.0,0,1,63,35,0,2,0,0,2
61286.0,0,1,34,356,0,107,19,9,117
74068.0,0,0,14,783,30,537,140,76,15
45759.0,1,1,13,42,1,18,3,0,4
24882.0,1,0,52,1,4,10,29,0,36
66973.0,0,0,98,466,22,432,147,113,102
38872.0,1,0,93,23,3,21,3,19,22
51148.0,1,1,38,235,6,45,8,9,12
31353.0,1,1,24,10,0,10,3,1,7
69661.0,0,0,80,656,16,106,32,16,8
80067.0,0,0,82,519,17,813,27,173,51
86718.0,0,0,20,344,189,482,50,33,172
46854.0,1,1,81,96,1,79,7,1,79
69142.0,0,1,50,448,4,34,6,4,39
75922.0,0,0,60,265,138,553,224,23,92
63693.0,0,1,63,587,43,337,42,87,54
102160.0,0,0,54,763,29,138,76,176,58
40637.0,1,1,72,22,0,13,0,0,3
18890.0,0,0,5,6,4,1,7,2,15
29604.0,1,0,88,7,6,13,7,6,14
48721.0,1,1,50,81,18,113,47,13,21
44794.0,0,1,99,54,0,7,0,0,4
64497.0,0,1,17,1170,48,320,42,32,192
46097.0,0,1,11,72,24,68,65,4,8
77972.0,0,0,18,613,22,319,33,102,12
44377.0,1,1,70,224,0,30,0,0,10
46014.0,1,1,21,410,0,59,19,9,44
70951.0,0,0,66,239,10,554,254,87,54
41443.0,1,0,79,171,7,171,25,19,89
52195.0,2,1,2,12,0,4,0,0,1
83790.0,0,0,81,1076,16,417,42,48,16
44551.0,0,1,24,182,4,33,0,0,66
69508.0,1,0,48,824,32,162,42,32,43
45204.0,1,0,93,30,11,25,29,1,18
72460.0,0,0,56,377,10,540,80,30,10
77622.0,0,2,3,520,7,154,19,0,14
30732.0,1,0,44,155,1,25,0,1,3
63887.0,0,1,38,897,23,207,15,11,92
42011.0,1,0,46,131,0,16,2,1,39
51369.0,0,1,84,297,7,79,0,11,182
51537.0,0,1,27,787,20,204,0,0,92
79930.0,0,0,72,792,86,740,67,51,17
34320.0,1,0,66,4,1,9,3,0,0
37070.0,1,1,30,231,7,137,4,15,39
81975.0,0,1,2,983,76,184,180,138,27
38590.0,1,0,65,3,1,8,4,3,3
15033.0,0,0,37,0,4,5,6,0,4
62745.0,0,1,89,562,21,464,28,10,32
22212.0,1,0,49,5,9,20,6,8,21
23661.0,1,0,46,18,0,4,0,0,1
79761.0,0,1,32,415,5,124,15,35,11
7500.0,1,0,54,5,3,10,12,7,20
73455.0,0,0,98,901,61,757,186,163,20
64961.0,0,1,97,382,114,276,75,124,38
22804.0,1,0,75,14,1,7,2,1,1
73687.0,0,0,8,559,153,503,218,13,181
61074.0,0,1,37,789,0,133,0,28,152
31686.0,1,1,31,11,0,5,0,0,1
80134.0,1,0,40,1218,16,272,104,0,80
75027.0,0,1,74,925,64,179,133,12,77
67546.0,0,0,90,864,134,768,150,38,172
65176.0,0,1,57,960,28,183,220,70,70
31160.0,1,0,59,16,3,25,6,1,13
29938.0,1,0,52,3,3,7,0,2,11
102692.0,0,0,5,168,148,444,32,172,148
26490.0,0,0,92,45,47,52,21,20,25
75702.0,1,1,77,650,28,353,45,42,30
30899.0,1,0,35,24,0,8,0,0,1
63342.0,0,1,48,918,21,118,13,10,21
45989.0,0,1,97,138,33,87,28,24,12
18701.0,1,1,95,12,4,2,10,6,10
40737.0,2,1,24,11,0,4,0,0,2
15287.0,1,0,60,1,2,8,4,3,13
69674.0,0,2,46,554,41,215,11,0,24
44159.0,1,0,85,167,2,62,24,13,7
37717.0,1,0,31,9,0,6,4,1,5
43776.0,1,1,9,177,2,71,3,2,20
38179.0,1,1,30,38,4,22,4,2,20
80124.0,0,0,47,483,84,398,205,84,241
38097.0,1,1,70,77,2,35,0,1,69
72940.0,0,0,13,182,74,298,162,149,116
22070.0,1,0,11,10,7,19,8,2,21
69267.0,0,0,31,778,44,499,95,73,146
31788.0,1,0,15,16,7,23,0,8,6
61905.0,0,1,2,167,0,43,6,2,13
29315.0,1,1,55,13,2,14,8,7,4
33378.0,1,1,38,33,6,40,3,7,10
66313.0,0,1,86,625,7,99,10,22,7
60714.0,0,0,56,216,162,224,101,92,162
77882.0,0,0,29,68,129,396,188,22,15
69867.0,0,0,30,196,0,512,33,130,54
63841.0,0,1,64,635,15,100,20,7,131
24480.0,1,0,46,4,19,9,28,25,17
51369.0,0,1,84,297,7,79,0,11,182
37760.0,0,0,20,84,5,38,150,12,28
65640.0,0,1,74,204,7,149,20,15,66
44319.0,1,1,18,26,0,8,0,0,3
30631.0,1,0,75,15,6,20,4,5,20
75278.0,0,0,17,304,98,230,150,74,74
50898.0,1,1,88,285,28,242,55,114,135
79946.0,0,0,19,395,183,565,166,141,28
35416.0,0,0,62,248,3,81,4,3,51
32414.0,0,0,11,20,6,5,0,9,12
38361.0,1,0,74,39,0,56,20,8,14
82497.0,0,0,32,777,129,573,216,21,203
16626.0,2,0,76,8,3,22,21,1,13
29672.0,1,1,6,9,1,3,0,4,8
55951.0,0,1,62,1241,0,80,0,13,40
35388.0,1,0,20,6,4,7,4,3,8
42386.0,1,0,43,65,4,16,0,4,11
68627.0,0,0,45,395,15,263,60,54,38
57912.0,0,1,34,801,0,80,0,0,35
35246.0,1,1,53,36,0,12,2,2,10
58821.0,0,1,44,513,14,154,19,0,28
46377.0,1,0,89,37,0,46,4,3,0
39747.0,1,0,43,80,15,93,20,13,52
23976.0,1,0,68,14,1,21,2,3,25
80950.0,0,0,44,525,147,112,219,147,63
27038.0,0,0,64,1,26,25,17,23,15
77457.0,0,0,85,675,11,400,15,45,11
64100.0,0,1,93,509,0,27,0,0,10
42670.0,0,0,12,154,2,46,20,4,15
12571.0,1,0,86,3,5,14,2,12,17
22574.0,2,1,28,25,0,8,2,0,2
70893.0,0,0,42,768,44,561,77,44,14
54198.0,1,1,13,185,0,28,3,2,17
28839.0,1,1,86,24,0,7,0,0,1
40321.0,1,1,59,44,4,21,6,0,27
66503.0,1,0,30,91,64,128,65,3,50
30833.0,1,1,33,11,0,7,3,1,6
64795.0,0,1,23,412,5,119,38,29,77
34421.0,1,0,81,3,3,7,6,2,9
47025.0,1,1,6,16,0,3,0,0,1
64325.0,0,1,41,731,60,353,78,12,73
40464.0,0,1,78,424,17,118,7,23,41
62187.0,0,0,49,792,0,275,45,45,126
14849.0,1,0,39,21,2,28,3,2,9
27255.0,1,0,3,22,1,11,0,1,2
54432.0,2,1,37,33,0,5,0,0,0
29999.0,1,0,22,68,7,59,10,5,11
24072.0,1,0,79,9,1,6,3,0,4
33996.0,0,0,46,40,2,15,8,0,6
66334.0,0,1,82,909,11,218,0,0,23
35178.0,1,0,10,23,1,13,2,2,18
22010.0,1,0,51,11,2,9,3,0,8
62204.0,0,2,38,317,46,247,151,46,139
75693.0,0,0,10,797,153,293,72,97,30
30675.0,1,0,14,10,2,16,11,2,21
83003.0,0,0,18,856,61,570,40,25,122
68655.0,0,0,95,456,19,832,75,118,38
41411.0,0,0,11,37,32,38,11,3,18
55212.0,0,1,65,1103,0,45,0,0,34
59292.0,0,1,71,378,14,68,19,14,14
27190.0,1,0,13,1,6,7,0,1,3
82623.0,0,0,58,204,34,204,172,153,173
44300.0,1,1,65,30,0,9,0,0,3
84835.0,0,0,0,189,104,379,111,189,218
30372.0,1,1,33,15,0,12,7,3,7
33181.0,1,0,90,9,0,3,0,0,4
71113.0,0,1,95,495,33,255,11,33,8
71952.0,1,0,93,656,80,455,52,107,93
69759.0,0,0,38,452,20,514,13,30,0
72099.0,0,0,18,546,91,410,119,0,22
60000.0,0,1,57,1048,0,217,0,0,12
38643.0,1,1,45,22,2,14,0,1,10
50737.0,0,1,61,78,0,11,0,0,10
68462.0,0,0,6,561,64,785,84,128,48
65073.0,0,0,65,629,17,177,69,0,8
46681.0,0,2,52,269,15,69,15,19,38
78618.0,0,0,87,736,163,818,212,163,61
62187.0,0,1,38,512,0,83,0,0,41
28442.0,2,0,53,19,3,10,11,8,6
37717.0,1,0,31,9,0,6,4,1,5
51479.0,1,1,67,247,8,160,6,8,65
54803.0,0,1,65,404,0,92,28,27,142
79530.0,0,0,64,333,0,815,129,42,29
31615.0,1,0,82,2,3,20,6,11,9
72025.0,0,0,27,833,33,549,151,133,233
52614.0,0,1,63,789,0,142,12,9,38
35684.0,1,0,66,10,4,7,0,6,3
48178.0,1,1,69,159,4,45,6,2,38
29548.0,1,0,52,7,1,6,3,1,11
63810.0,0,1,45,977,12,253,16,12,101
38578.0,1,1,2,38,4,22,3,3,3
46098.0,1,1,86,57,0,27,0,0,36
22585.0,0,0,23,3,9,15,13,2,39
30279.0,1,0,13,10,4,14,4,4,1
66426.0,0,1,14,1043,24,97,32,24,157
30822.0,1,0,92,3,9,13,2,12,12
33581.0,2,0,38,11,0,5,0,0,1
19986.0,1,0,74,3,6,5,0,2,6
27421.0,0,0,14,43,12,96,78,40,55
35688.0,2,1,94,73,3,90,12,1,32
36143.0,1,0,33,12,0,1,0,0,6
10245.0,1,0,32,4,7,7,6,4,13
43795.0,0,1,11,314,11,53,4,3,107
63381.0,0,1,78,571,50,142,33,50,159
38823.0,0,1,56,70,0,11,2,8,23
83664.0,1,1,57,866,21,151,28,21,86
90300.0,0,0,7,594,134,786,33,134,57
62499.0,1,0,0,140,4,61,0,13,4
74293.0,0,0,66,375,152,335,93,91,81
51012.0,0,0,86,102,9,63,2,9,24
70777.0,0,1,80,554,35,113,0,7,78
68682.0,0,0,56,919,0,505,99,30,45
43824.0,1,1,18,96,1,42,12,3,32
15345.0,1,0,51,5,2,16,3,2,19
23442.0,1,0,71,2,0,6,8,6,5
14515.0,1,0,71,6,4,9,6,36,35
31395.0,1,1,80,23,1,25,0,8,7
75276.0,0,0,2,610,105,125,137,42,21
42373.0,1,1,83,67,5,61,3,8,19
30507.0,0,0,29,65,36,74,38,20,110
55521.0,1,2,11,416,0,26,0,0,4
48006.0,1,1,55,23,0,11,3,2,2
27213.0,1,0,19,19,3,26,10,9,3
65808.0,1,1,1,155,7,80,13,7,10
30351.0,1,0,19,14,0,24,3,3,2
50437.0,0,2,28,370,9,92,6,9,4
23616.0,1,0,76,4,22,11,3,7,32
53858.0,0,1,50,407,53,221,58,150,26
66465.0,0,1,1,1200,0,204,38,29,14
46923.0,1,0,90,85,44,54,102,78,6
75072.0,0,1,83,583,34,309,0,22,125
75865.0,0,0,73,483,0,591,156,0,12
19789.0,1,0,24,2,5,9,28,6,28
80134.0,0,0,11,966,26,282,52,26,26
91065.0,0,0,33,822,114,108,179,137,114
49505.0,1,1,4,604,0,100,19,0,28
37401.0,1,0,14,19,3,19,3,1,3
30096.0,1,0,30,5,3,11,12,5,9
18492.0,1,0,75,2,2,2,2,1,1
82584.0,0,0,26,1076,68,103,29,91,68
93027.0,0,0,77,1285,42,716,55,0,21
48686.0,1,2,8,10,0,7,2,0,1
92910.0,0,0,42,551,137,792,179,103,33
75433.0,1,0,28,800,0,297,0,34,57
10404.0,1,0,52,2,2,11,10,6,12
61314.0,0,1,1,378,0,189,97,172,172
84865.0,0,0,1,1248,16,349,43,16,16
42387.0,1,0,42,235,0,235,19,4,191
67309.0,1,1,76,515,47,181,149,95,95
75236.0,0,1,27,438,66,400,12,38,114
30015.0,1,0,28,25,0,22,2,3,5
50943.0,0,1,49,31,0,7,2,0,6
67272.0,0,1,12,357,35,271,28,28,14
51529.0,0,1,14,400,4,35,6,0,22
32011.0,1,0,89,99,0,15,2,1,5
7500.0,1,0,96,1,11,5,4,6,9
28691.0,1,0,56,5,4,13,8,0,4
56223.0,0,1,72,77,28,31,16,0,4
18100.0,0,0,14,3,1,2,4,3,1
30279.0,1,0,13,10,4,14,4,4,1
20130.0,0,0,99,0,6,3,7,6,12
23295.0,0,0,72,0,0,1,2,12,5
42618.0,1,0,92,76,14,74,13,5,10
81246.0,0,0,87,398,190,537,61,156,37
24027.0,1,0,7,14,7,11,11,0,5
55707.0,0,1,91,208,7,82,30,66,35
57959.0,0,1,71,430,16,322,43,24,33
56796.0,0,1,24,656,38,161,62,47,37
36230.0,1,0,17,14,2,30,8,2,3
70829.0,1,1,87,141,70,106,72,19,23
65991.0,0,1,21,507,19,364,25,47,9
38988.0,1,2,90,164,24,103,12,3,42
89572.0,0,0,44,606,24,974,197,194,64
42207.0,1,0,71,116,11,72,3,17,46
50300.0,0,1,52,143,15,60,24,23,5
66664.0,0,0,78,398,96,447,220,96,32
60597.0,0,1,2,522,0,257,32,16,66
70165.0,0,0,60,161,0,253,199,191,122
50520.0,0,1,25,112,0,6,2,1,14
80124.0,0,0,47,483,84,398,205,84,241
33183.0,1,0,46,7,5,39,17,15,37
66582.0,0,0,83,789,25,420,16,38,0
75261.0,0,0,17,1239,17,413,23,34,17
31880.0,1,0,13,4,1,5,2,0,3
53790.0,0,2,86,335,42,127,28,5,5
49269.0,1,0,92,639,8,166,11,8,58
61456.0,0,1,47,563,76,384,84,192,89
37406.0,1,0,18,2,0,8,2,2,3
56937.0,1,0,81,746,8,125,11,8,8
38415.0,1,1,91,22,1,13,4,0,4
20518.0,1,0,58,4,1,6,4,1,9
62503.0,0,1,40,478,0,193,110,75,117
41644.0,1,1,67,20,3,4,2,0,2
55842.0,0,1,19,451,0,39,0,4,24
62010.0,0,1,93,371,22,39,6,0,92
41124.0,1,0,41,281,7,84,15,0,119
38961.0,1,0,60,19,7,19,0,1,24
37760.0,1,0,54,26,3,13,2,10,0
32233.0,1,0,26,138,15,35,25,11,72
43057.0,0,1,30,213,2,44,0,2,5
83151.0,0,0,93,407,28,100,120,74,18
78825.0,0,0,35,483,74,114,169,37,18
65104.0,0,1,4,738,0,232,13,20,50
60093.0,0,1,92,502,12,109,16,6,90
14045.0,1,0,24,11,0,5,2,1,1
28457.0,0,0,96,24,1,108,29,29,14
78952.0,0,1,11,1170,19,594,99,76,134
46310.0,1,0,99,185,2,88,15,5,14
76005.0,0,0,72,983,20,389,240,50,40
58308.0,0,1,77,691,0,69,10,0,130
55614.0,0,0,85,504,13,131,8,0,26
59432.0,0,1,88,317,25,265,25,19,12
55563.0,0,1,22,29,1,9,2,0,2
78642.0,0,1,83,1396,0,322,46,35,17
67911.0,0,1,63,529,0,356,63,28,0
65275.0,0,0,9,388,14,218,91,14,21
27203.0,1,1,92,13,2,21,4,0,24
48330.0,0,1,2,28,0,4,0,0,0
24279.0,0,0,6,16,36,21,20,62,108
64355.0,1,0,66,1047,0,140,67,38,153
50943.0,0,1,49,31,0,7,2,0,6
53653.0,0,0,29,815,10,239,28,10,108
65665.0,0,1,77,225,162,387,106,36,29
81217.0,0,0,77,493,70,324,146,40,84
34935.0,0,0,71,34,4,66,3,10,20
61250.0,0,1,49,382,138,65,60,26,59
39665.0,1,0,97,127,1,56,0,1,31
60152.0,0,1,6,325,83,300,86,58,91
48920.0,0,2,93,238,17,68,8,10,6
89120.0,0,0,78,1168,92,408,72,129,55
44124.0,0,1,62,284,0,55,0,6,52
81169.0,0,0,47,1288,20,613,80,61,27
36443.0,1,1,9,65,0,46,4,3,20
26095.0,1,0,77,11,7,9,3,1,11
71367.0,0,0,24,227,23,389,42,21,75
80184.0,0,0,19,1035,134,670,25,38,0
30630.0,1,1,67,27,1,12,2,0,10
73454.0,0,0,95,982,73,351,56,14,175
42691.0,0,0,48,179,2,64,38,17,58
70503.0,0,0,73,1379,33,216,0,33,66
25545.0,1,0,35,32,1,64,16,12,85
32880.0,1,0,76,8,4,15,7,6,2
77863.0,0,0,20,881,38,319,16,25,12
50353.0,0,0,72,141,15,153,67,31,35
61839.0,0,0,20,1000,155,379,224,17,120
49154.0,1,1,69,206,10,67,30,27,71
47682.0,0,1,80,162,61,83,97,57,61
72679.0,0,1,65,619,54,260,127,54,54
57954.0,1,1,52,456,4,24,0,0,9
65316.0,1,1,65,112,6,92,3,9,38
28567.0,1,0,57,11,3,22,2,2,6
47352.0,0,1,70,172,12,112,8,0,15
44931.0,0,1,0,78,0,11,0,0,7
76982.0,0,0,19,464,151,292,65,60,30
57247.0,0,1,50,99,4,32,37,54,6
22944.0,1,0,67,19,3,19,4,5,26
25315.0,1,0,46,1,9,8,11,3,22
43638.0,0,1,37,63,10,83,7,19,19
42710.0,1,0,38,252,3,42,4,3,102
84169.0,0,0,9,1478,19,403,0,19,0
54058.0,0,1,56,198,18,252,32,108,54
24683.0,1,0,98,8,4,10,6,7,6
85620.0,0,0,68,416,46,925,60,107,46
47850.0,1,0,72,42,7,43,20,12,10
19514.0,1,1,47,14,3,21,2,1,28
27159.0,1,1,33,17,0,3,0,0,1
39548.0,1,1,87,15,4,10,3,4,18
21474.0,1,0,0,6,16,24,11,0,34
60504.0,0,1,73,458,0,24,6,4,34
22419.0,0,0,74,30,3,47,19,21,42
81698.0,0,0,4,179,28,520,111,123,47
43462.0,1,1,50,90,17,97,15,6,15
54880.0,1,0,57,308,85,137,102,45,118
79908.0,0,0,30,557,129,761,29,185,111
15315.0,0,0,27,7,4,13,15,8,17
87771.0,0,1,61,1492,38,287,50,57,33
33039.0,1,0,4,30,8,12,8,8,12
81741.0,0,0,75,249,153,940,58,134,38
71499.0,0,1,12,465,25,132,136,0,37
62466.0,0,1,13,129,129,259,168,121,83
48799.0,0,1,9,174,18,81,28,6,24
52157.0,0,1,48,189,2,29,3,2,40
66565.0,0,1,80,747,10,161,65,40,42
29298.0,1,1,60,6,0,2,2,0,1
47691.0,0,1,43,14,0,3,0,0,4
38200.0,1,1,19,12,0,4,0,0,1
44989.0,0,1,26,98,0,106,49,10,106
38443.0,1,1,58,32,0,5,0,0,1
38593.0,1,0,42,51,12,49,17,24,24
64413.0,0,1,27,200,5,44,0,10,20
36959.0,1,0,56,25,6,25,6,0,0
61996.0,0,1,27,1050,12,144,0,0,24
51287.0,1,1,10,117,0,22,13,0,30
13260.0,1,1,48,9,4,17,10,2,7
47472.0,1,1,39,56,0,11,0,0,8
54603.0,1,1,85,145,13,46,17,2,4
45207.0,1,1,64,203,0,10,0,0,2
40689.0,0,1,69,270,3,27,39,6,99
47821.0,1,1,54,9,0,16,6,6,10
27450.0,0,0,57,37,12,23,8,11,52
39453.0,1,0,64,46,0,7,0,0,2
26850.0,1,1,10,31,1,13,7,2,9
79800.0,0,0,65,1060,21,530,32,0,224
61794.0,0,1,74,264,47,188,54,47,11
53863.0,0,1,4,399,4,30,6,4,30
24221.0,0,0,94,8,9,9,2,5,22
39684.0,1,0,41,19,0,35,6,4,17
92163.0,0,0,25,817,183,797,106,163,20
69882.0,0,0,94,292,127,635,132,127,165
33178.0,1,0,9,12,6,2,11,2,16
59973.0,0,0,47,130,30,168,20,34,0
17459.0,1,0,12,6,4,16,3,10,30
23910.0,1,0,80,16,12,18,7,1,13
42169.0,1,1,20,19,0,9,0,0,2
26224.0,1,0,39,4,7,15,13,9,15
31089.0,1,0,57,31,3,31,2,8,4
30081.0,0,1,27,36,0,2,0,0,4
62807.0,0,1,83,526,28,135,10,21,99
72906.0,0,0,79,400,32,519,71,75,54
61467.0,0,2,69,410,16,114,0,5,49
49618.0,1,1,77,80,3,26,4,2,14
21888.0,1,0,15,88,10,46,2,3,64
42429.0,0,1,99,55,0,6,2,0,4
26150.0,2,1,61,5,1,13,3,5,1
30801.0,0,1,23,8,4,5,15,2,11
81168.0,0,0,84,410,0,592,147,22,22
26877.0,0,0,74,101,13,76,20,18,40
45006.0,0,0,90,162,25,53,16,0,10
18978.0,1,0,41,2,8,1,4,7,15
22574.0,2,1,28,25,0,8,2,0,2
48240.0,0,0,73,389,91,248,64,49,41
45837.0,1,1,88,215,13,87,17,17,24
35791.0,2,1,94,27,0,5,0,0,3
54162.0,1,1,31,5,6,10,6,5,10
30522.0,0,1,6,179,8,83,19,11,26
54456.0,0,1,23,352,0,27,10,0,15
31632.0,0,0,92,17,8,12,11,15,32
72298.0,0,0,52,625,35,169,58,17,35
36975.0,1,0,50,10,6,11,0,4,2
72635.0,0,0,54,390,22,323,104,35,107
13624.0,1,0,93,10,2,15,2,1,6
84196.0,0,1,56,215,63,507,231,31,190
70971.0,0,1,28,1001,17,572,93,125,17
34487.0,1,1,94,19,18,33,24,1,8
28769.0,1,0,76,41,5,129,10,3,3
69084.0,1,0,43,1181,107,199,39,30,30
65488.0,0,0,46,603,45,207,36,18,54
62466.0,0,1,13,129,129,259,168,121,83
32218.0,0,0,27,10,24,15,13,1,30
83917.0,0,0,12,514,22,732,42,198,79
46102.0,2,1,3,14,0,1,0,0,1
84574.0,0,0,72,387,20,713,38,54,163
56181.0,0,1,6,121,103,69,8,44,48
63120.0,0,1,53,965,69,279,54,41,69
73691.0,0,1,58,707,21,250,85,43,73
63381.0,0,1,78,571,50,142,33,50,159
76140.0,0,0,57,586,66,653,17,0,26
62859.0,0,1,37,1063,89,102,16,12,25
45906.0,0,1,20,305,3,27,4,3,144
77632.0,0,0,73,1200,105,758,0,42,147
46463.0,1,1,56,163,2,40,8,11,11
105471.0,0,0,36,1009,181,104,202,21,207
55282.0,1,0,9,125,6,73,8,4,19
78710.0,0,1,42,721,0,152,119,50,50
66886.0,0,1,28,315,4,62,41,31,146
98777.0,0,0,23,1000,19,711,125,115,38
29103.0,1,0,38,16,0,17,6,3,6
67445.0,0,1,63,757,80,217,29,80,11
50616.0,0,1,71,30,2,25,0,1,9
49431.0,0,1,9,219,3,100,26,0,17
61278.0,0,1,87,111,3,28,2,6,15
26490.0,0,0,92,45,47,52,21,20,25
73059.0,0,1,36,410,112,420,0,82,71
46734.0,1,2,86,100,1,39,6,1,76
56253.0,0,1,83,509,0,65,7,11,5
19986.0,1,0,74,3,6,5,0,2,6
58330.0,0,1,87,445,53,213,104,98,151
25965.0,0,0,29,2,2,11,41,7,11
14661.0,0,0,88,4,1,11,6,2,2
18690.0,0,0,77,6,1,7,23,4,19
45068.0,0,1,25,14,0,3,0,0,3
21063.0,1,0,34,1,10,11,19,3,15
29187.0,1,0,43,26,0,6,0,0,2
54690.0,1,1,76,111,16,37,7,9,18
59304.0,0,1,81,418,61,428,80,51,10
59247.0,0,2,87,327,9,122,19,14,83
66731.0,0,1,33,371,159,194,58,106,141
77353.0,0,1,38,275,59,107,69,101,59
52614.0,0,1,63,789,0,142,12,9,38
26751.0,2,0,26,1,1,5,0,3,1
81300.0,0,1,17,1004,12,145,32,12,36
70337.0,0,0,75,187,81,149,25,43,91
36145.0,1,0,13,56,4,76,17,1,18
65295.0,0,0,19,365,32,117,34,110,6
68118.0,0,1,51,595,23,123,10,23,154
68743.0,0,0,81,1132,134,384,175,134,115
41039.0,0,0,32,34,11,137,179,61,45
38946.0,0,1,84,116,6,82,6,6,41
65777.0,0,0,87,565,32,435,28,32,54
66476.0,0,1,99,372,18,126,47,48,78
86857.0,0,0,96,899,102,838,133,102,40
77845.0,0,0,40,760,40,480,0,40,26
69476.0,0,0,3,260,86,559,63,9,67
50611.0,0,1,98,459,0,24,6,0,4
61209.0,0,0,73,466,0,224,119,49,99
42315.0,0,1,90,67,15,80,17,11,80
13084.0,0,0,29,2,0,7,3,7,10
47570.0,1,1,3,67,1,20,0,2,31
61923.0,0,2,94,92,4,18,3,3,6
34824.0,0,0,65,4,2,11,2,0,4
26518.0,1,1,33,20,1,28,3,3,2
45938.0,0,0,46,273,11,178,62,83,29
78468.0,0,0,29,434,22,388,104,22,34
78901.0,0,1,99,321,11,309,33,26,34
71427.0,2,0,26,212,123,177,15,64,23
71022.0,0,1,30,909,12,278,0,12,242
90247.0,0,0,27,1184,32,352,21,16,16
41335.0,1,0,24,112,19,21,16,14,5
71952.0,1,0,93,656,80,455,52,107,93
35682.0,1,0,34,23,0,8,6,2,18
43185.0,0,1,88,537,6,42,16,6,30
66375.0,0,1,96,712,0,45,0,0,191
35178.0,1,0,10,23,1,13,2,2,18
25252.0,1,0,26,1,3,4,2,2,6
55250.0,0,1,49,664,58,83,32,0,66
33249.0,1,0,11,6,10,21,19,14,42
58398.0,0,0,44,299,5,201,21,21,49
50272.0,1,0,75,99,13,66,43,8,4
76618.0,0,0,64,749,40,294,121,160,147
87305.0,0,0,19,345,25,501,63,138,80
25851.0,1,0,45,9,4,18,7,5,5
58710.0,0,1,77,440,81,368,0,122,174
45160.0,1,1,9,8,2,5,3,0,3
74806.0,0,1,1,670,9,249,0,28,9
59111.0,0,0,90,524,0,134,28,28,155
18988.0,1,0,43,6,0,6,2,1,1
72190.0,0,0,79,597,166,597,172,166,249
7500.0,1,0,19,7,0,12,13,7,32
44794.0,0,1,99,54,0,7,0,0,4
80395.0,0,0,62,445,25,706,80,76,48
75012.0,0,0,41,294,142,218,164,58,151
56962.0,2,1,60,292,3,77,10,3,26
89891.0,0,0,17,412,22,132,59,28,183
35946.0,1,1,24,8,0,3,0,0,0
53593.0,1,1,60,349,4,78,6,0,43
66373.0,1,1,57,328,9,124,12,24,109
45072.0,1,2,74,144,2,99,7,2,30
89694.0,1,1,22,1126,28,211,37,28,42
72025.0,0,0,46,967,0,617,43,50,0
67432.0,0,1,69,432,79,341,177,136,170
70545.0,0,1,29,138,39,63,55,18,21
17487.0,1,0,37,0,0,1,7,4,6
62882.0,0,1,26,509,133,497,78,24,97
64108.0,0,1,8,948,10,86,13,21,21
34941.0,1,1,26,39,2,25,4,3,24
48767.0,1,2,79,28,1,21,3,0,10
38702.0,1,0,71,13,11,24,13,8,40
82224.0,0,0,83,307,26,360,138,31,40
83844.0,0,0,57,901,31,345,75,31,191
17003.0,1,0,37,2,5,12,4,8,7
71163.0,0,0,30,283,17,372,138,106,44
33697.0,1,0,34,4,3,7,0,3,11
63564.0,0,0,0,769,80,252,15,34,65
83443.0,0,0,89,518,42,742,55,56,84
51518.0,0,1,92,350,8,66,17,4,4
58330.0,0,1,87,445,53,213,104,98,151
80952.0,0,0,20,778,178,689,41,27,44
75507.0,0,0,56,709,93,374,104,80,80
63855.0,0,0,28,359,35,314,93,116,89
62220.0,0,1,55,799,12,375,16,12,12
58512.0,0,1,25,895,10,101,13,0,152
40662.0,1,0,0,40,2,23,0,4,23
38829.0,0,1,86,76,0,7,0,0,16
35523.0,1,0,8,11,5,22,12,5,11
79146.0,1,1,33,245,16,223,21,43,16
78285.0,0,0,13,647,107,391,175,67,40
31626.0,1,0,12,39,1,9,2,1,34
75127.0,0,0,92,203,35,305,46,17,227
48726.0,0,1,90,138,3,38,4,0,59
74985.0,0,0,8,587,51,898,247,0,86
67430.0,0,0,6,595,97,291,127,133,121
46891.0,0,1,91,43,12,23,29,15,61
62058.0,0,1,52,301,7,74,10,0,58
72063.0,0,1,3,180,32,348,76,32,90
78939.0,0,0,57,794,115,243,150,0,205
42720.0,1,1,9,392,5,91,28,26,112
33622.0,1,1,22,39,1,22,3,4,12
6835.0,0,1,76,107,2,12,2,2,12
41452.0,1,1,86,13,0,3,0,0,0
40760.0,0,1,64,70,0,17,0,0,6
74250.0,0,0,90,680,11,392,75,0,0
51124.0,1,1,79,26,1,11,0,1,4
72258.0,0,1,28,522,0,522,227,120,134
71466.0,0,0,86,412,12,546,78,182,0
36283.0,1,1,42,6,5,5,8,0,5
20587.0,1,0,39,2,3,6,4,1,9
30467.0,1,0,8,1,3,8,2,5,5
31590.0,1,0,40,6,2,15,6,6,3
20425.0,1,0,5,4,12,5,3,16,17
17144.0,1,1,96,18,2,19,0,2,6
42564.0,0,1,28,324,48,186,39,18,198
43783.0,1,0,22,327,9,125,25,4,139
40780.0,0,1,30,229,27,71,13,3,34
62847.0,0,0,45,521,168,706,80,76,61
82017.0,0,0,58,184,23,446,30,23,23
16813.0,0,0,49,4,8,11,12,2,13
51267.0,1,1,37,183,2,64,7,2,12
46524.0,0,1,70,31,19,35,26,14,52
45183.0,0,0,33,219,3,60,12,9,12
70421.0,0,1,98,479,28,136,75,14,35
60161.0,0,1,17,584,44,212,46,8,177
73926.0,0,0,54,627,91,597,159,91,15
19329.0,1,0,39,24,1,16,12,2,5
61872.0,0,1,81,330,5,159,36,27,16
46984.0,1,1,71,19,1,10,2,1,8
34838.0,1,1,62,28,23,29,29,14,47
82716.0,0,0,8,606,148,228,15,148,22
48192.0,0,0,76,1039,43,204,153,58,29
49681.0,0,2,66,411,0,26,0,0,21
56850.0,0,1,83,34,1,19,2,7,0
55267.0,0,1,28,161,28,136,32,3,45
59666.0,1,1,87,623,53,178,23,17,133
72504.0,0,1,43,604,26,470,123,161,94
26872.0,0,0,0,3,10,8,3,16,32
21359.0,1,0,1,12,2,17,6,1,10
73170.0,0,0,1,184,174,256,50,30,32
52750.0,0,1,72,393,0,239,90,69,69
91820.0,0,0,72,410,73,747,76,161,30
65968.0,0,1,12,376,9,83,19,4,4
30772.0,1,1,89,7,2,4,2,1,4
22507.0,0,0,67,68,0,226,51,157,68
65685.0,0,1,54,642,14,49,0,7,57
25804.0,1,0,34,8,7,9,13,6,12
76412.0,0,0,15,840,53,804,23,71,17
22063.0,1,0,43,7,10,13,3,11,11
57091.0,0,0,0,464,5,64,7,0,37
22419.0,0,0,74,30,3,47,19,21,42
87771.0,0,1,61,1492,38,287,50,57,33
78353.0,0,1,51,752,122,476,39,153,34
93404.0,1,2,97,1279,15,287,20,0,15
37859.0,1,2,75,22,1,8,2,1,2
80995.0,0,1,83,860,28,409,73,56,56
16529.0,1,0,23,3,0,5,13,0,1
55412.0,1,1,65,10,5,28,11,1,8
48789.0,0,0,94,351,16,156,7,5,145
56575.0,0,2,42,421,5,90,0,16,10
25130.0,1,0,10,2,5,7,0,18,18
35441.0,1,1,94,25,1,9,2,1,1
71391.0,0,1,50,336,123,274,46,123,141
49494.0,1,0,46,191,9,97,0,6,82
81702.0,0,0,98,563,50,774,28,31,187
45889.0,0,1,42,31,0,6,0,1,8
56628.0,0,1,30,479,5,82,7,17,171
34026.0,1,1,11,18,6,15,12,8,17
40049.0,0,1,61,91,65,52,10,44,28
34176.0,1,0,12,5,7,24,19,14,20
19419.0,1,0,76,2,14,28,16,3,7
82504.0,0,0,2,362,50,431,134,35,54
81205.0,0,0,43,724,74,929,97,55,130
61618.0,0,0,27,605,91,399,0,45,205
55284.0,0,1,60,547,7,140,0,7,63
49980.0,0,1,79,104,1,54,13,9,14
15072.0,2,0,96,8,2,15,0,10,18
49166.0,0,1,17,224,2,25,7,0,110
65324.0,0,1,0,384,0,102,21,32,5
82347.0,0,0,38,556,54,845,202,133,63
30843.0,1,1,43,24,0,2,0,0,9
46374.0,0,1,1,408,0,21,0,0,17
60474.0,0,1,25,265,199,303,234,9,170
38576.0,0,1,2,34,0,7,0,0,0
55357.0,2,0,66,374,64,116,84,25,64
37758.0,1,1,49,27,2,10,0,0,1
85710.0,0,0,5,600,20,350,29,30,33
23228.0,1,0,71,13,2,18,6,1,0
44602.0,1,1,35,167,2,89,0,0,34
7500.0,0,0,94,0,2,3,4,1,5
38683.0,1,0,80,46,35,69,84,41,66
49514.0,1,0,61,88,39,78,58,13,93
57906.0,0,1,29,243,11,119,10,3,15
43456.0,0,1,0,275,11,68,25,7,7
19485.0,2,0,80,6,0,4,0,0,0
53172.0,0,1,54,121,62,90,68,20,125
30545.0,1,0,71,4,12,15,19,7,12
70123.0,0,0,27,1308,0,396,23,0,0
62450.0,0,1,61,515,47,267,62,66,38
21675.0,1,0,55,4,0,16,17,4,4
42395.0,1,1,35,48,13,57,24,15,25
61346.0,1,0,34,562,58,168,43,16,142
80812.0,0,0,95,769,22,500,210,143,33
42835.0,1,1,64,379,4,93,12,9,98
39922.0,1,0,30,29,12,59,19,1,36
86424.0,0,0,12,387,68,569,89,45,68
17117.0,1,0,96,12,23,38,30,18,7
24762.0,1,0,16,6,10,12,3,15,40
35797.0,0,1,16,27,1,14,4,1,21
36627.0,2,0,78,9,1,5,0,0,1
51111.0,1,1,83,22,0,19,6,5,3
86857.0,0,0,96,899,102,838,133,102,40
82072.0,0,0,67,889,55,685,168,92,129
46231.0,2,1,87,189,2,55,0,5,12
42243.0,1,1,34,48,0,2,0,0,5
51195.0,1,1,46,230,14,156,82,24,58
68092.0,0,0,7,852,60,207,78,36,48
31814.0,1,0,73,35,3,20,4,1,20
51390.0,1,1,54,205,20,47,23,2,56
76630.0,0,0,93,255,31,446,40,56,175
26868.0,1,0,52,0,0,1,8,3,2
48948.0,0,0,53,437,8,206,160,49,42
55260.0,0,1,81,825,8,53,11,0,242
64090.0,0,1,8,316,58,161,76,51,135
78331.0,0,1,97,756,138,354,160,169,61
37087.0,1,0,50,194,55,134,15,0,3
21846.0,1,0,38,7,17,18,6,10,26
81320.0,0,0,61,183,33,493,59,103,57
54137.0,0,1,46,171,0,11,0,1,20
66825.0,0,0,73,243,101,405,29,40,40
57100.0,0,0,19,181,21,69,39,3,96
58917.0,1,2,10,151,7,89,0,7,28
85072.0,0,0,94,494,92,391,194,11,241
86429.0,0,0,10,464,28,873,29,18,37
45684.0,1,0,37,5,1,5,10,0,7
47889.0,1,0,94,29,0,29,0,5,4
45921.0,0,0,23,102,9,49,24,3,12
78420.0,0,0,75,604,28,674,91,28,28
75114.0,0,0,40,571,12,523,63,60,24
52278.0,0,1,24,953,0,71,0,0,174
35641.0,1,0,11,63,3,67,8,9,28
95529.0,0,0,29,770,29,890,250,27,24
62820.0,0,0,51,398,61,265,138,61,53
73113.0,0,0,86,741,19,154,50,9,28
84169.0,0,0,9,1478,19,403,0,19,0
42607.0,0,1,30,156,29,56,30,32,47
74637.0,0,0,73,960,64,464,146,0,16
46015.0,1,1,25,38,0,2,0,0,6
72354.0,0,0,67,315,26,473,220,12,182
39858.0,1,0,67,15,20,25,2,7,26
34469.0,1,1,58,19,6,20,0,5,12
83033.0,1,0,82,812,99,431,237,149,33
24401.0,0,0,98,73,28,217,10,24,115
77583.0,0,0,93,372,23,384,250,12,108
74116.0,0,0,53,871,111,704,145,55,166
74293.0,0,0,66,375,152,335,93,91,81
68397.0,0,1,6,760,80,466,17,13,80
79632.0,0,0,42,471,0,510,99,21,12
46107.0,1,0,78,31,9,27,16,9,33
64950.0,0,1,29,819,0,72,12,0,63
25443.0,1,0,82,1,4,3,8,9,7
75127.0,0,0,92,203,35,305,46,17,227
32892.0,1,0,78,26,0,15,2,1,2
71796.0,0,0,54,354,21,311,167,75,32
67536.0,0,1,45,1253,0,447,23,71,35
55239.0,0,1,59,371,17,238,23,24,106
60554.0,1,0,8,588,7,76,110,15,15
64831.0,1,1,51,480,86,249,75,86,144
56067.0,0,1,51,517,12,54,16,6,120
82025.0,0,0,76,267,98,606,48,70,98
94384.0,0,0,62,1111,24,790,160,45,172
14906.0,0,0,86,7,7,14,7,16,15
51563.0,0,0,60,1166,0,48,0,0,36
57937.0,0,1,56,261,42,144,55,48,133
68274.0,1,1,83,135,25,51,23,25,46
39771.0,1,0,92,6,2,18,2,8,14
67893.0,0,1,31,711,28,142,49,18,47
27922.0,1,0,80,11,0,13,2,4,11
52190.0,1,1,39,42,0,17,0,0,18
44051.0,1,1,20,79,7,58,6,3,18
42767.0,2,0,53,20,6,43,19,5,38
46106.0,1,1,84,30,0,8,2,0,14
16927.0,1,1,50,20,2,23,3,1,4
59754.0,0,1,96,115,27,44,4,146,139
53700.0,0,1,94,263,5,233,69,41,83
59041.0,1,1,25,69,2,15,2,2,6
54237.0,0,1,48,267,3,30,4,0,57
70647.0,0,1,65,561,85,171,25,123,114
52597.0,0,1,69,492,0,37,7,0,42
41021.0,1,0,12,14,7,9,6,16,12
40233.0,0,1,84,80,4,46,0,17,2
50183.0,1,1,47,97,12,84,13,10,15
54753.0,0,1,87,197,107,227,7,59,131
92955.0,0,0,35,693,21,925,31,24,84
33471.0,1,0,47,43,2,27,0,9,12
34596.0,1,0,48,14,0,2,0,0,7
44010.0,1,0,46,186,36,234,86,72,48
84219.0,0,0,27,434,137,400,45,137,45
40706.0,2,1,37,59,0,11,4,2,5
15716.0,1,0,8,16,5,30,8,7,26
59052.0,0,1,29,230,35,75,63,57,31
80573.0,0,0,85,829,138,430,60,92,15
83715.0,0,0,2,318,8,407,150,35,8
82576.0,0,0,66,1206,55,445,168,18,18
56962.0,2,1,60,292,3,77,10,3,26
35704.0,1,1,54,30,9,12,2,11,30
53103.0,0,1,70,729,17,133,11,0,195
46779.0,1,1,55,12,1,3,0,0,7
4861.0,0,0,20,2,1,1,1,0,1
33462.0,1,0,78,22,3,18,0,0,11
63693.0,0,1,63,587,43,337,42,87,54
80763.0,0,0,17,674,168,108,192,42,231
65352.0,0,1,43,284,3,84,4,7,23
82170.0,0,0,13,1023,93,651,49,55,37
75759.0,0,0,46,1394,22,708,89,91,182
79689.0,0,0,65,311,26,640,180,37,121
35340.0,1,1,1,27,0,12,0,1,5
85683.0,0,0,6,1296,17,311,45,69,51
24884.0,1,0,32,3,6,7,0,0,3
42021.0,1,0,34,393,5,136,7,5,27
64449.0,1,0,70,218,63,282,137,35,70
64587.0,1,1,49,66,0,16,0,6,20
34824.0,0,0,65,4,2,11,2,0,4
75437.0,0,0,25,795,0,545,95,58,0
26091.0,1,1,84,15,10,19,8,17,20
52845.0,1,0,7,384,25,292,130,41,64
46086.0,0,1,34,244,8,32,7,2,50
78028.0,0,1,38,158,19,288,25,0,38
95169.0,0,0,1,1285,21,449,106,20,20
56337.0,1,1,25,349,16,144,28,5,182
22434.0,1,0,25,4,12,11,3,13,15
36930.0,0,1,50,223,2,31,0,2,39
36130.0,0,1,46,157,43,127,68,56,37
65569.0,0,1,96,397,46,288,20,38,70
83844.0,0,0,57,901,31,345,75,31,191
19514.0,1,1,47,14,3,21,2,1,28
36736.0,1,1,52,10,0,3,0,0,4
77568.0,0,1,30,1230,0,396,232,178,158
49187.0,0,1,63,81,1,31,2,1,0
30168.0,1,0,51,154,20,66,0,12,27
34053.0,0,1,14,63,0,21,7,0,12
38196.0,1,1,20,30,0,11,0,0,3
59412.0,0,0,56,90,67,165,30,43,11
70924.0,0,0,41,635,114,254,132,152,76
54165.0,0,0,72,127,4,73,15,6,11
32300.0,1,0,1,13,3,6,6,5,6
20180.0,0,0,27,18,42,24,15,20,18
34961.0,1,0,77,45,2,26,4,1,1
28440.0,1,0,87,38,1,24,0,0,0
64504.0,1,2,81,986,36,168,16,0,108
33564.0,0,1,51,61,0,3,0,0,7
17345.0,1,0,79,4,9,16,17,0,12
56320.0,0,1,11,201,53,172,116,77,83
28647.0,1,0,54,19,8,29,0,12,26
15038.0,1,0,93,4,8,11,19,12,26
32173.0,0,1,0,18,0,2,0,0,2
68316.0,0,1,54,806,80,161,120,11,33
74538.0,0,0,21,380,98,733,110,112,28
91700.0,0,0,58,576,172,961,125,115,19
68695.0,0,0,3,458,81,356,106,50,40
31056.0,1,0,99,5,10,13,3,8,16
79593.0,0,0,70,350,60,568,110,133,145
28071.0,0,0,65,39,33,130,41,26,44
37334.0,1,1,44,26,1,16,2,2,15
46423.0,1,1,6,68,0,16,0,0,8
37126.0,1,0,9,45,3,9,4,4,7
47703.0,0,1,95,359,0,134,13,26,123
61180.0,0,1,70,403,24,29,6,24,218
38998.0,1,1,92,34,1,14,0,0,5
8028.0,0,0,62,73,18,66,7,12,2
76081.0,0,0,85,292,30,415,63,33,200
34728.0,1,0,2,14,0,16,0,0,6
33168.0,0,1,0,80,1,37,0,1,3
33585.0,0,1,91,30,11,33,13,6,29
77037.0,0,1,3,463,96,333,168,53,10
35196.0,1,0,68,75,12,141,43,39,187
44529.0,0,1,98,538,13,91,17,6,26
70924.0,0,0,41,635,114,254,132,152,76
28764.0,1,1,16,8,0,3,0,0,1
69098.0,0,0,82,1315,22,780,145,0,178
25959.0,1,1,1,4,2,12,7,5,26
27100.0,1,0,64,12,0,13,2,0,10
70596.0,0,0,68,347,44,534,17,0,26
42557.0,0,1,98,192,5,53,0,5,15
53312.0,0,0,32,241,0,12,0,0,25
72228.0,0,0,87,631,28,491,30,14,56
67605.0,0,0,84,336,28,282,184,54,54
62845.0,1,1,3,1099,0,45,0,0,34
65196.0,0,2,34,743,19,181,12,0,200
42000.0,0,0,23,124,83,267,85,59,35
35860.0,1,1,37,15,0,8,4,2,20
65526.0,0,1,22,397,19,69,12,0,9
16860.0,1,1,19,10,4,4,3,3,14
83528.0,0,0,7,530,117,678,134,44,147
64176.0,0,1,52,1215,33,249,64,116,149
22304.0,0,0,91,3,2,7,0,4,2
67023.0,0,0,93,444,44,382,11,8,17
32892.0,1,0,78,26,0,15,2,1,2
70713.0,0,1,23,736,114,279,82,76,190
59925.0,0,1,83,473,21,176,19,21,56
39722.0,0,1,92,32,0,5,2,0,8
46610.0,0,0,4,288,10,30,4,10,125
88347.0,0,0,32,1050,178,555,77,138,118
87171.0,0,0,27,1001,44,107,58,44,44
26907.0,1,1,10,9,1,7,0,3,2
50014.0,1,0,9,234,14,77,19,10,42
41014.0,1,0,65,7,2,6,2,0,3
66294.0,0,0,68,251,108,334,65,92,117
36715.0,1,0,16,172,10,125,21,13,16
79456.0,0,0,12,565,42,548,64,83,99
40479.0,1,0,95,5,0,8,2,0,0
75345.0,0,0,16,918,57,842,99,38,133
54233.0,0,1,46,652,8,158,21,0,142
24163.0,1,1,3,4,1,7,2,1,2
84460.0,0,0,80,152,27,103,106,54,81
43776.0,1,0,77,8,0,9,2,1,3
71691.0,0,0,0,336,130,411,240,32,43
85844.0,0,0,62,938,19,843,25,95,38
39190.0,1,0,91,68,8,18,19,8,12
71367.0,0,0,24,227,23,389,42,21,75
38578.0,1,1,2,38,4,22,3,3,3
57236.0,1,1,22,105,0,9,2,1,4
61825.0,0,1,56,162,50,100,55,30,27
79803.0,0,1,54,574,8,216,21,16,33
80910.0,0,0,71,160,80,369,67,39,41
27590.0,1,0,38,6,0,5,0,0,1
56775.0,0,1,62,614,35,160,58,35,35
83829.0,0,0,78,897,161,430,186,161,27
54210.0,0,1,18,70,54,109,80,9,45
38508.0,1,0,95,120,19,206,25,19,54
53187.0,1,0,66,211,2,30,7,7,10
30023.0,1,0,28,11,0,16,7,6,21
76045.0,0,0,78,760,53,400,17,93,0
50870.0,0,1,13,53,0,8,0,0,2
15315.0,0,0,27,7,4,13,15,8,17
65463.0,1,0,17,391,32,70,21,32,16
66480.0,1,1,71,199,9,57,20,21,6
76773.0,0,0,79,516,56,449,86,33,16
81698.0,0,0,1,709,45,115,30,160,45
54466.0,1,1,78,12,0,4,0,0,0
98777.0,0,0,23,1000,19,711,125,115,38
16269.0,1,0,75,19,3,18,3,1,0
71819.0,0,1,70,1224,28,140,0,14,168
33569.0,1,0,10,16,2,18,3,0,24
36262.0,0,0,24,88,39,54,64,28,153
22634.0,0,0,47,2,23,11,8,6,46
47025.0,0,1,98,508,11,59,23,5,29
70566.0,0,1,4,381,28,215,84,28,21
31605.0,1,0,15,74,0,42,2,1,6
52034.0,1,1,67,146,0,93,7,13,73
48526.0,1,0,32,23,17,23,43,20,9
46734.0,0,1,40,110,5,137,26,23,29
39552.0,1,1,54,165,3,147,4,24,41
86358.0,1,1,78,957,47,494,82,47,95
46931.0,2,1,94,41,0,17,3,1,16
16581.0,0,0,51,1,3,4,2,3,11
63998.0,0,0,42,176,29,818,0,33,112
67381.0,0,1,67,815,8,53,11,0,70
25930.0,1,1,87,6,1,2,2,0,4
42693.0,1,0,29,8,4,20,6,3,16
85606.0,0,1,89,717,42,864,219,30,84
72903.0,0,0,74,1067,138,750,0,19,39
49669.0,1,0,97,166,5,107,11,8,29
36778.0,1,1,63,29,4,34,2,4,4
85696.0,0,0,88,714,76,395,116,0,12
10979.0,0,0,34,8,4,10,2,2,4
49678.0,0,1,81,229,5,56,3,2,20
56129.0,0,1,65,320,48,133,39,72,48
37155.0,1,0,51,23,0,26,7,15,3
21282.0,1,0,76,1,5,8,4,8,20
33419.0,0,1,76,56,0,12,0,0,18
63285.0,0,0,84,508,124,249,50,38,134
21255.0,1,0,56,29,0,25,2,2,3
42162.0,1,0,31,46,7,59,2,4,27
54450.0,1,1,0,454,0,171,8,19,32
57744.0,0,1,91,350,3,39,0,0,19
26576.0,1,0,40,10,0,8,0,0,9
57513.0,0,0,59,735,40,183,52,20,30
68142.0,0,1,96,897,126,196,91,112,37
7500.0,0,1,61,5,2,3,3,0,5
83145.0,0,0,14,777,35,731,39,137,114
54197.0,0,1,16,162,6,37,6,13,13
23091.0,1,1,98,35,0,11,0,0,2
46049.0,1,1,11,342,9,112,19,14,19
56715.0,0,0,52,258,105,239,237,172,9
79410.0,0,0,19,658,80,483,123,13,13
57304.0,0,1,61,356,80,329,138,17,106
44375.0,0,1,73,213,5,28,7,7,41
54450.0,1,1,0,454,0,171,8,19,32
59594.0,0,1,74,457,4,29,0,0,9
80685.0,0,0,55,241,45,604,34,26,54
40344.0,0,1,48,210,0,6,0,0,2
62710.0,0,1,53,441,35,83,7,29,11
48985.0,0,1,13,19,13,18,10,7,8
35322.0,1,2,34,28,9,37,12,7,13
77142.0,0,0,54,476,75,162,29,151,97
81657.0,0,0,69,364,40,425,158,60,50
14421.0,0,0,81,0,0,2,3,3,8
20130.0,0,0,99,0,6,3,7,6,12
74214.0,0,0,3,863,83,547,86,99,33
66726.0,1,1,61,349,7,35,0,0,47
23724.0,1,0,65,5,23,15,0,18,14
47353.0,0,1,93,184,2,19,8,8,4
33444.0,1,1,24,8,0,8,0,0,2
54386.0,0,1,8,277,21,64,62,21,25
28510.0,1,1,72,44,5,19,0,4,19
90638.0,0,0,29,1156,120,915,94,144,96
48070.0,0,1,33,373,14,83,6,9,19
43140.0,0,1,68,134,8,76,6,0,11
54959.0,0,1,55,1148,0,60,0,0,24
15056.0,1,1,76,6,12,3,21,6,40
26954.0,1,0,17,4,1,11,0,0,1
22327.0,1,0,94,5,4,8,2,0,5
44393.0,1,1,86,24,2,20,2,2,10
62000.0,0,1,25,899,0,101,0,0,20
31497.0,0,1,22,108,1,28,13,1,4
45894.0,0,2,15,27,2,7,0,2,13
78579.0,0,0,35,816,66,549,216,66,99
67369.0,0,1,81,1298,0,70,37,14,42
58401.0,0,1,55,10,0,11,17,29,29
62307.0,0,1,94,87,13,34,10,6,10
43641.0,1,1,50,57,2,51,4,2,23
63841.0,0,1,64,635,15,100,20,7,131
46891.0,0,1,91,43,12,23,29,15,61
70091.0,1,0,11,964,34,137,15,0,11
78075.0,0,0,72,572,8,259,34,35,80
59184.0,0,1,6,341,142,113,259,151,66
54809.0,1,1,0,63,6,57,13,13,22
58113.0,0,1,66,221,104,169,102,78,84
51412.0,0,1,42,140,3,29,4,5,14
15287.0,1,0,60,1,2,8,4,3,13
66636.0,0,0,64,291,10,689,84,10,0
50965.0,0,1,87,544,13,85,8,6,29
84618.0,0,0,96,684,100,801,21,66,0
18351.0,0,0,1,1,12,9,0,14,7
40451.0,0,2,54,35,0,4,0,0,10
36317.0,0,1,53,87,3,25,3,2,13
42213.0,0,1,96,309,3,24,4,3,20
65748.0,0,1,58,172,73,93,95,78,34
77044.0,0,1,12,625,38,242,50,34,76
74918.0,0,0,78,972,59,913,25,19,59
56721.0,1,1,64,157,6,39,6,13,75
42160.0,1,1,26,48,9,45,3,15,20
61559.0,0,1,8,279,83,88,32,14,34
33629.0,1,1,49,132,0,16,0,0,4
68682.0,0,0,56,919,0,505,99,30,45
34377.0,0,1,55,62,0,22,3,1,26
8940.0,1,0,25,1,45,3,4,6,42
26228.0,1,0,50,2,6,4,3,1,9
77297.0,0,0,84,408,61,109,48,122,41
40211.0,1,1,30,51,1,7,2,1,25
33438.0,1,1,81,62,1,16,3,2,6
75032.0,0,1,74,952,12,180,47,12,12
61284.0,0,0,76,618,15,106,20,7,45
22518.0,1,0,36,11,7,12,2,2,27
54730.0,0,1,64,318,3,17,4,7,56
38452.0,1,1,62,56,0,14,0,0,2
44421.0,1,1,53,110,5,59,7,1,7
38197.0,1,0,86,23,0,11,2,1,3
41986.0,0,1,15,27,5,8,8,3,12
28427.0,1,0,67,18,3,19,3,3,6
37395.0,1,0,47,18,0,9,0,1,11
64722.0,1,0,47,303,0,280,60,147,15
55249.0,0,1,81,97,1,19,2,0,11
84906.0,0,0,98,997,15,414,99,30,76
28691.0,1,0,56,5,4,13,8,0,4
44213.0,1,1,48,95,11,35,0,4,7
25707.0,1,0,18,1,6,2,3,6,3
59062.0,2,1,74,46,1,12,3,0,9
76624.0,0,1,68,411,106,147,54,115,66
66000.0,0,0,36,244,51,270,101,0,45
27683.0,1,0,90,152,9,121,12,12,45
1730.0,0,0,65,1,1,3,1,1,1
7500.0,1,0,63,10,17,18,8,26,40
40521.0,1,1,82,12,0,5,0,0,4
20427.0,1,0,63,5,0,4,0,0,1
65106.0,0,1,55,790,19,133,12,0,19
69969.0,0,0,64,882,29,514,38,29,44
67433.0,0,2,51,615,28,259,12,48,30
77766.0,0,1,97,1004,59,265,115,59,27
74716.0,0,1,92,133,27,421,13,195,71
68118.0,0,1,51,595,23,123,10,23,154
55158.0,1,1,72,293,0,87,4,11,23
62972.0,0,1,39,313,15,47,20,0,192
74190.0,0,1,49,151,81,86,168,91,64
39356.0,1,1,21,15,0,2,0,0,6
76653.0,0,0,91,736,63,946,219,189,126
35860.0,1,1,37,15,0,8,4,2,20
90687.0,0,0,98,982,17,672,23,34,51
73450.0,0,0,85,1142,51,415,90,69,37
31454.0,1,1,40,28,0,11,0,0,9
47139.0,1,1,2,46,0,12,0,2,23
83829.0,0,0,78,897,161,430,186,161,27
53378.0,1,1,41,489,6,152,8,6,132
19656.0,1,0,94,25,4,9,6,8,32
45579.0,0,1,10,145,1,33,2,1,1
85485.0,0,0,73,630,26,611,44,18,54
55956.0,0,0,22,760,38,104,50,9,38
64191.0,0,1,30,420,15,186,151,38,15
38808.0,1,0,21,125,17,52,3,19,30
57183.0,1,1,51,464,5,64,7,0,70
23748.0,1,0,97,6,6,29,12,15,8
66303.0,0,1,56,1090,12,96,16,12,60
37368.0,1,0,4,3,2,11,2,2,10
40800.0,1,2,77,24,0,27,8,30,10
71847.0,0,0,95,737,21,106,55,63,210
46149.0,0,1,36,254,6,71,4,0,27
78687.0,0,0,13,817,185,687,145,55,241
49118.0,0,0,90,620,54,239,99,98,119
37633.0,1,1,49,13,4,20,0,0,1
39767.0,0,0,18,113,61,204,34,26,47
26997.0,0,0,89,7,23,78,133,49,144
33986.0,1,0,43,16,2,18,2,1,5
57091.0,0,1,82,462,0,24,6,0,4
46831.0,1,1,84,22,2,10,6,4,34
83151.0,0,0,80,968,147,842,137,42,210
52531.0,0,0,68,283,112,151,51,72,125
15759.0,0,0,12,1,2,5,6,0,3
22804.0,1,0,75,14,1,7,2,1,1
43050.0,1,0,10,30,5,24,6,3,8
42997.0,1,1,91,4,0,5,0,1,5
48918.0,1,1,21,52,0,9,0,0,1
60033.0,0,1,28,62,1,57,19,11,48
34043.0,1,0,97,20,2,14,3,0,10
57811.0,0,1,49,545,7,114,37,21,78
78569.0,0,0,14,558,79,622,207,175,95
7500.0,1,1,5,6,5,4,13,4,25
94384.0,0,0,62,1111,24,790,160,45,172
23148.0,0,0,83,4,6,8,6,3,10
44267.0,1,1,48,183,5,65,3,5,49
71626.0,0,0,94,546,72,376,94,145,72
60894.0,0,1,61,606,7,155,10,0,54
50200.0,1,1,70,266,6,51,8,6,64
81051.0,0,0,43,1142,29,249,38,29,14
65169.0,0,0,23,1074,0,69,0,0,46
59868.0,0,1,37,771,51,154,54,10,154
65695.0,0,1,50,371,32,189,0,58,6
64857.0,0,0,78,556,14,717,210,0,43
45143.0,0,1,74,202,5,74,11,5,14
74805.0,0,1,14,209,162,209,41,162,37
59060.0,1,0,77,35,40,111,36,40,12
27238.0,1,1,39,37,0,17,0,0,3
47009.0,0,1,89,171,45,73,59,10,90
46094.0,1,1,62,12,2,20,3,2,5
40321.0,1,1,59,44,4,21,6,0,27
37235.0,1,0,68,20,2,9,4,6,20
81843.0,0,0,13,779,86,537,34,69,138
46692.0,0,1,37,170,6,97,24,12,88
77382.0,0,1,36,491,48,231,112,105,134
37774.0,2,0,28,173,8,107,7,2,176
18393.0,1,0,2,7,10,13,16,0,4
72828.0,0,1,17,1205,0,235,19,14,205
24711.0,0,0,86,10,7,25,6,3,7
45503.0,1,0,54,97,4,44,6,1,18
6560.0,0,0,2,67,11,26,4,3,262
71604.0,0,0,3,345,53,528,98,75,97
27244.0,1,0,84,6,5,17,3,24,46
48752.0,1,1,8,73,57,100,71,15,0
71434.0,0,1,4,711,36,217,172,96,168
90842.0,0,0,57,774,70,118,182,187,93
88097.0,1,0,24,163,0,480,0,126,75
51948.0,0,1,51,82,33,54,71,30,41
71853.0,0,0,29,358,108,413,141,97,32
35876.0,0,0,13,66,2,40,4,3,14
40049.0,0,1,23,13,6,7,0,3,3
39660.0,1,0,36,139,13,78,20,13,36
50127.0,0,1,88,274,0,21,4,6,15
43263.0,0,1,2,262,6,61,0,10,102
62845.0,1,1,3,1099,0,45,0,0,34
18929.0,0,0,15,32,0,8,23,4,18
24367.0,1,0,58,2,4,2,0,11,5
33249.0,1,0,11,6,10,21,19,14,42
26887.0,0,1,27,6,7,4,3,4,6
50150.0,0,0,32,135,46,92,65,61,11
62061.0,0,1,12,641,7,84,0,30,38
85696.0,0,0,88,714,76,395,116,0,12
76542.0,0,0,91,794,73,573,0,29,14
70515.0,0,0,12,420,0,452,182,64,140
18227.0,1,0,21,1,2,7,4,3,11
69139.0,0,1,23,86,12,75,33,15,6
69109.0,0,0,10,823,25,459,124,29,95
69627.0,0,1,35,231,161,215,171,30,53
38136.0,1,0,69,8,15,27,0,20,33
62159.0,0,0,68,182,17,259,77,70,29
80695.0,0,0,85,557,129,984,193,37,18
33316.0,1,1,34,79,1,31,4,4,12
58554.0,1,1,55,368,24,68,38,0,88
17256.0,1,0,10,6,4,14,8,8,22
53034.0,1,1,30,160,15,196,15,11,50
52203.0,0,0,36,488,21,238,56,108,28
59601.0,0,1,14,691,7,69,0,7,23
75154.0,0,1,79,543,10,205,160,143,82
47025.0,0,1,52,254,7,108,20,0,26
37971.0,1,0,97,5,4,10,2,2,7
41335.0,1,0,24,112,19,21,16,14,5
67267.0,0,1,0,134,11,59,15,2,30
57338.0,0,1,96,143,6,52,11,8,17
50523.0,1,1,89,51,4,24,4,7,1
35791.0,2,1,94,27,0,5,0,0,3
50611.0,0,1,98,459,0,24,6,0,4
56242.0,0,1,72,689,8,167,11,8,88
48904.0,0,1,1,283,10,38,0,13,27
56243.0,1,2,26,347,0,35,4,3,7
21355.0,1,0,5,5,13,14,0,5,31
57420.0,0,1,22,280,0,18,0,0,24
46390.0,0,1,56,95,14,64,2,9,38
54342.0,1,1,74,84,10,34,11,10,28
20895.0,1,0,24,18,3,17,3,0,4
92344.0,0,0,9,992,24,694,51,19,119
26907.0,1,1,10,9,1,7,0,3,2
44964.0,1,1,35,19,1,17,2,0,2
75507.0,0,0,56,709,93,374,104,80,80
53761.0,1,1,7,158,0,76,13,7,71
22682.0,1,0,51,10,14,29,4,2,36
38887.0,1,0,17,25,1,13,0,0,3
41658.0,1,1,30,8,4,12,15,4,29
29791.0,1,0,21,14,0,6,0,0,0
63915.0,0,2,2,622,7,115,30,0,15
39996.0,1,1,85,11,0,3,0,0,1
26759.0,1,0,65,25,3,16,8,5,2
63841.0,0,1,64,635,15,100,20,7,131
51039.0,1,1,11,100,64,79,65,0,109
60544.0,1,1,92,201,2,43,3,5,35
65685.0,0,1,54,642,14,49,0,7,57
37716.0,0,1,4,97,1,41,6,2,41
36864.0,0,1,53,204,5,39,17,0,89
44511.0,1,0,39,513,7,133,46,14,14
36947.0,1,1,49,88,3,21,4,1,29
47352.0,0,1,70,172,12,112,8,0,15
67087.0,0,1,40,329,35,222,130,35,43
57045.0,0,1,40,296,13,104,11,13,17
36957.0,1,1,43,100,2,16,2,1,31
69389.0,0,1,17,422,7,238,69,46,15
80134.0,1,0,40,1218,16,272,104,0,80
43142.0,1,1,84,5,1,7,2,1,4
80589.0,0,0,25,507,93,520,242,40,26
34412.0,1,0,62,52,12,50,4,36,55
57537.0,1,0,83,191,56,139,51,8,100
22634.0,0,0,47,2,23,11,8,6,46
51315.0,0,0,45,68,28,39,16,30,41
36026.0,2,1,34,20,4,10,6,4,17
24639.0,1,1,3,20,3,16,0,4,1
34578.0,2,1,1,7,0,1,0,0,0
65704.0,0,0,18,279,172,74,38,8,246
63810.0,0,1,45,977,12,253,16,12,101
54132.0,0,1,81,30,1,8,0,0,3
18690.0,0,0,77,6,1,7,23,4,19
28164.0,1,0,23,3,18,26,11,8,12
34596.0,1,0,48,14,0,2,0,0,7
43269.0,1,0,61,10,1,7,0,0,1
38741.0,1,1,60,7,10,17,8,6,13
31907.0,0,0,75,33,87,64,175,16,74
27100.0,1,0,64,12,0,13,2,0,10
31163.0,1,0,54,2,3,10,11,2,10
92533.0,0,0,84,693,21,118,110,147,42
34853.0,1,1,75,9,3,15,2,3,2
70844.0,1,1,16,129,26,67,3,67,2
31086.0,1,1,79,16,2,11,3,0,16
60544.0,1,1,92,201,2,43,3,5,35
20491.0,0,0,16,5,4,5,4,2,10
42523.0,0,0,96,14,36,11,3,26,35
39922.0,1,0,30,29,12,59,19,1,36
33402.0,1,1,60,26,2,19,10,5,8
36408.0,1,1,11,9,1,4,3,2,3
21645.0,1,0,75,14,0,23,4,5,19
78427.0,0,0,36,972,19,595,180,26,138
82657.0,0,0,71,966,168,672,246,105,126
51876.0,0,0,88,99,27,102,28,48,6
78041.0,0,0,93,482,35,553,72,160,17
52852.0,0,1,93,714,8,99,11,0,47
70038.0,0,0,54,587,54,348,71,54,130
69401.0,0,1,41,399,27,159,58,8,39
46053.0,1,0,46,56,10,92,19,7,25
77343.0,0,0,28,227,151,573,98,54,31
73892.0,0,0,40,703,102,601,0,58,43
40304.0,1,0,82,37,0,17,0,0,3
32727.0,0,0,38,167,13,180,86,13,70
68695.0,0,0,3,458,81,356,106,50,40
43300.0,0,1,87,91,3,52,2,1,31
26290.0,1,1,49,15,8,16,11,5,22
93790.0,0,0,16,1302,68,731,89,114,45
38410.0,0,0,65,153,64,123,116,64,14
64866.0,0,1,9,508,5,21,7,5,10
57957.0,0,1,24,290,59,177,77,5,29
46015.0,1,1,25,38,0,2,0,0,6
16531.0,1,0,43,2,13,6,7,5,11
28072.0,1,0,10,30,0,10,2,0,5
49476.0,0,1,29,386,23,95,54,41,196
50725.0,0,1,45,443,10,75,0,10,48
83844.0,0,0,57,901,31,345,75,31,191
41145.0,1,1,20,9,0,3,0,0,1
67419.0,0,1,29,846,84,352,91,56,42
23162.0,1,1,82,8,3,9,19,4,22
34380.0,1,0,68,72,7,58,13,1,24
34704.0,0,1,65,29,0,5,0,1,5
94871.0,0,2,99,169,24,553,188,0,144
65148.0,0,1,9,460,35,422,33,12,153
39898.0,0,1,20,69,8,26,12,7,12
64857.0,0,0,78,556,14,717,210,0,43
59892.0,0,1,26,73,0,13,0,1,0
41020.0,0,0,68,112,1,54,7,7,36
57072.0,0,1,79,944,0,60,0,0,30
60474.0,0,1,25,265,199,303,234,9,170
62807.0,0,1,83,526,28,135,10,21,99
19414.0,1,0,32,2,3,12,3,5,7
19107.0,1,0,49,2,4,9,10,5,16
75484.0,0,1,50,378,97,259,197,194,34
70379.0,0,1,84,553,25,142,65,67,8
79419.0,0,0,96,751,127,687,20,15,31
64014.0,2,1,56,406,0,30,0,0,8
76998.0,0,1,85,1449,89,161,69,35,107
49854.0,1,0,63,123,17,171,39,0,30
60585.0,1,1,17,267,42,309,55,42,21
42873.0,1,1,11,209,0,40,3,2,15
87679.0,0,0,62,1259,172,815,97,148,33
57867.0,1,0,48,344,35,178,15,23,17
35765.0,1,0,86,22,3,30,0,5,15
65492.0,0,0,73,247,161,295,210,85,47
32952.0,1,0,36,38,0,12,3,1,1
53374.0,0,1,34,896,10,101,13,10,34
71706.0,0,1,16,931,56,253,91,98,14
68487.0,0,0,48,758,12,385,33,89,89
53253.0,1,1,61,216,9,57,20,9,125
31163.0,1,0,54,2,3,10,11,2,10
42014.0,1,0,56,244,15,108,4,15,50
54108.0,1,1,74,539,6,91,8,6,97
49667.0,0,0,35,1181,26,120,17,13,39
63206.0,0,0,65,750,8,125,11,8,26
57136.0,1,1,48,306,5,109,21,109,92
46772.0,0,1,88,350,104,189,197,151,57
78931.0,0,0,19,331,197,170,58,152,35
53977.0,0,1,21,620,16,165,0,24,82
84219.0,0,0,27,434,137,400,45,137,45
46098.0,1,1,86,57,0,27,0,0,36
73538.0,0,1,92,811,76,428,99,137,107
79529.0,0,0,1,423,42,706,73,197,197
20981.0,0,0,14,2,12,10,6,13,30
51766.0,1,0,74,60,51,87,6,20,51
55759.0,0,1,84,675,0,85,10,7,77
33039.0,1,0,4,30,8,12,8,8,12
37787.0,1,0,50,40,1,40,4,3,18
27242.0,1,0,2,3,17,26,20,1,39
87188.0,0,0,73,910,111,724,49,74,55
69930.0,0,0,21,252,98,827,219,70,196
37697.0,1,0,82,34,6,21,11,4,8
37401.0,1,0,14,19,3,19,3,1,3
3502.0,1,0,56,2,1,1,0,0,1
58597.0,1,1,20,490,0,184,10,28,21
82032.0,0,0,54,332,194,377,149,125,57
28087.0,1,1,77,53,8,17,13,0,21
74004.0,0,0,5,784,48,560,42,176,48
19740.0,0,1,65,7,11,3,10,4,20
57036.0,0,1,33,1171,43,219,19,14,47
53083.0,1,1,65,215,7,33,3,0,13
69283.0,0,1,41,674,62,134,0,26,8
46098.0,1,1,86,57,0,27,0,0,36
23331.0,1,0,92,5,36,7,0,10,45
23331.0,1,0,97,104,20,101,24,15,5
9255.0,1,0,91,9,0,7,2,0,4
67786.0,0,0,0,431,82,441,80,20,102
71969.0,0,1,59,1000,0,76,0,0,10
59235.0,1,0,4,448,40,469,80,0,91
31928.0,1,0,5,33,4,24,4,2,5
74881.0,1,1,48,505,72,270,36,27,54
65819.0,0,0,99,267,38,701,149,165,63
51411.0,1,2,81,14,0,3,0,0,1
51983.0,0,1,95,631,0,115,10,7,30
42386.0,1,0,43,65,4,16,0,4,11
30390.0,0,0,5,10,12,12,25,1,20
30983.0,0,0,50,51,4,50,12,1,49
66033.0,0,1,76,293,35,179,46,59,65
37284.0,1,1,46,11,1,2,2,1,6
57530.0,0,1,68,50,1,27,6,7,1
76800.0,0,0,33,173,26,255,35,71,81
63943.0,0,1,50,423,184,368,13,97,21
76081.0,0,0,85,292,30,415,63,33,200
67445.0,0,1,63,757,80,217,29,80,11
37054.0,1,1,89,12,1,6,0,1,5
47175.0,1,1,81,167,2,44,6,2,19
31859.0,1,0,77,3,1,3,8,0,5
27215.0,2,1,50,30,5,22,8,9,28
70179.0,0,1,10,532,88,168,69,44,133
39922.0,1,0,30,29,12,59,19,1,36
49681.0,0,2,66,411,0,26,0,0,21
24645.0,1,0,16,5,3,4,4,1,0
79865.0,0,1,12,71,99,278,185,121,38
44322.0,1,0,30,46,0,40,3,0,3
47958.0,0,1,8,268,11,88,15,3,22
63972.0,0,1,93,928,63,254,0,12,12
75315.0,0,1,14,459,15,171,142,23,31
55517.0,1,1,53,483,0,108,0,6,36
75283.0,1,2,26,733,9,180,12,19,66
82800.0,0,0,23,1006,22,115,59,68,45
38998.0,1,1,92,34,1,14,0,0,5
90638.0,0,0,29,1156,120,915,94,144,96
27161.0,1,0,41,7,4,23,7,0,11
42014.0,1,0,56,244,15,108,4,15,50
38201.0,0,1,19,233,0,23,0,0,12
45203.0,2,0,4,35,3,67,10,8,24
81574.0,0,0,89,1252,0,465,46,35,0
34935.0,0,0,71,34,4,66,3,10,20
60482.0,0,1,81,255,43,134,37,14,24
34633.0,2,1,31,8,1,5,0,0,1
78093.0,0,0,53,368,32,639,13,43,10
82460.0,0,0,78,255,47,573,52,32,15
45903.0,0,1,80,33,8,10,2,10,3
81361.0,0,0,18,163,23,424,27,65,76
35860.0,1,1,37,15,0,8,4,2,20
40442.0,1,1,52,45,12,52,25,22,13
61482.0,0,0,39,48,58,68,16,66,43
34968.0,1,0,11,158,6,45,8,2,2
75794.0,0,0,33,754,160,625,63,32,48
31497.0,0,1,22,108,1,28,13,1,4
74268.0,0,0,83,199,66,315,97,174,41
13724.0,1,0,43,2,7,5,2,15,27
45143.0,0,1,74,202,5,74,11,5,14
52569.0,0,1,54,85,0,3,0,0,7
48432.0,0,1,3,322,3,50,4,3,42
17144.0,1,1,96,18,2,19,0,2,6
36108.0,1,0,68,141,8,129,3,11,47
76445.0,1,0,2,739,107,309,140,80,35
36663.0,1,0,40,18,0,6,3,3,5
53843.0,0,1,64,378,0,88,19,4,73
90226.0,0,0,26,1083,108,649,253,151,108
70638.0,0,0,69,1016,12,215,16,12,63
44512.0,1,1,57,23,1,6,0,0,2
27116.0,1,1,78,12,1,21,2,2,3
54072.0,1,1,71,35,0,4,0,0,0
71855.0,0,1,59,548,31,422,0,112,28
51250.0,1,0,28,342,32,230,34,32,40
60432.0,0,1,61,365,3,15,4,3,11
65526.0,0,1,22,397,19,69,12,0,9
68655.0,0,0,95,456,19,832,75,118,38
12393.0,0,0,38,5,6,15,11,7,13
64509.0,0,0,19,836,185,575,24,25,77
33955.0,1,0,92,100,2,128,23,7,10
31353.0,1,1,24,10,0,10,3,1,7
55434.0,1,0,21,238,115,215,169,69,76
28359.0,1,0,35,6,0,5,2,1,2
57100.0,1,0,9,158,11,99,15,11,17
69139.0,0,1,23,86,12,75,33,15,6
52973.0,0,1,92,856,0,76,12,9,199
51717.0,0,1,55,98,1,17,0,1,5
18793.0,1,0,14,4,16,20,0,17,20
66664.0,0,0,78,398,96,447,220,96,32
50664.0,1,1,64,313,8,104,6,4,126
54414.0,1,1,49,109,18,16,24,26,18
54549.0,0,1,8,216,2,6,0,0,9
47111.0,0,1,35,595,71,153,120,112,41
41003.0,0,0,11,123,133,142,71,44,88
19444.0,1,0,8,16,0,23,3,2,10
36301.0,1,0,53,11,12,35,3,5,12
73059.0,0,1,36,410,112,420,0,82,71
42731.0,1,0,64,159,2,51,6,2,24
52854.0,1,1,43,105,0,10,0,1,0
22775.0,1,0,40,5,1,8,0,0,1
46681.0,0,2,52,269,15,69,15,19,38
59821.0,0,1,11,629,0,70,0,0,35
50002.0,0,1,21,443,5,71,21,16,82
69755.0,0,0,23,217,77,373,111,23,93
44078.0,1,1,17,24,1,10,2,0,4
30560.0,1,0,6,9,1,5,4,5,7
35924.0,1,1,56,8,0,14,2,3,7
64140.0,0,2,71,1459,0,61,0,15,215
56386.0,1,1,51,230,48,214,13,32,75
24594.0,1,0,94,1,3,6,10,0,9
75774.0,1,0,27,340,21,134,258,14,56
39228.0,0,0,1,7,1,6,0,3,3
58494.0,0,1,56,298,7,68,4,0,19
58684.0,0,0,71,479,35,179,28,7,85
57136.0,0,0,18,267,140,599,34,12,127
56551.0,1,1,48,67,4,32,17,2,16
22448.0,1,0,86,3,1,8,23,2,18
82014.0,0,0,48,980,37,265,35,163,31
34213.0,1,1,2,50,4,28,6,3,26
25358.0,0,1,57,19,0,5,0,0,8
35544.0,1,0,77,30,5,23,4,1,4
36634.0,0,1,0,213,9,76,4,3,30
62670.0,0,1,57,539,30,92,80,46,38
50334.0,0,1,24,284,16,160,84,16,134
72066.0,0,0,55,1003,34,536,134,51,34
50729.0,1,1,62,239,13,143,45,4,52
34916.0,2,0,89,51,23,82,33,0,42
64892.0,0,1,77,527,24,230,32,24,65
43602.0,1,1,45,19,5,12,10,3,19
33996.0,0,0,46,40,2,15,8,0,6
41473.0,1,0,80,21,8,20,15,3,9
63246.0,0,2,60,593,30,91,29,22,7
36732.0,1,1,71,21,5,3,10,1,7
69084.0,1,0,43,1181,107,199,39,30,30
77766.0,0,1,97,1004,59,265,115,59,27
37929.0,0,0,49,202,2,46,3,2,10
86610.0,0,0,66,446,107,768,33,196,53
80141.0,0,0,20,1184,102,673,52,40,40
72635.0,0,0,54,390,22,323,104,35,107
69016.0,0,1,61,726,53,363,123,107,161
20193.0,0,0,18,8,8,22,24,11,9
27573.0,1,0,45,50,15,110,39,15,15
15862.0,1,0,26,1,1,4,11,9,10
49544.0,1,0,0,308,0,73,0,0,23
33228.0,1,0,28,22,2,31,7,4,5
70440.0,0,0,49,690,117,499,76,102,88
38232.0,1,1,84,43,5,28,7,6,33
22554.0,1,1,38,27,0,10,0,0,4
23536.0,1,0,53,6,0,3,0,0,1
49413.0,0,1,88,205,7,41,3,2,46
42231.0,1,1,99,24,0,8,0,1,4
78789.0,0,0,12,667,50,850,21,83,83
56534.0,0,1,35,691,7,61,10,0,46
58350.0,0,1,5,493,26,206,116,80,80
81217.0,0,0,77,493,70,324,146,40,84
49090.0,0,1,45,494,5,82,7,0,100
61787.0,0,0,71,621,73,414,78,48,85
18169.0,1,0,40,9,0,5,0,0,7
24336.0,1,0,82,1,6,2,8,2,12
18222.0,0,0,70,12,4,19,12,6,14
62335.0,0,1,87,243,131,217,85,6,26
42033.0,1,1,95,11,1,4,2,0,7
86580.0,0,0,72,532,21,127,26,20,20
41437.0,1,1,5,29,0,2,0,0,1
73705.0,0,2,86,612,91,520,258,107,107
61064.0,0,1,80,387,126,342,0,45,180
38452.0,1,1,62,56,0,14,0,0,2
18358.0,1,0,49,6,8,19,16,4,4
55012.0,0,1,85,582,0,65,0,0,13
9722.0,1,0,7,6,17,16,6,16,42
38175.0,1,0,6,70,6,69,2,3,3
58656.0,0,1,25,962,12,194,16,24,12
52117.0,0,1,55,112,10,107,30,0,20
64813.0,1,0,81,293,0,124,179,97,52
54222.0,0,1,98,199,12,31,3,12,7
83512.0,0,0,31,1060,61,835,80,20,101
77520.0,0,1,30,940,44,396,0,88,58
41154.0,0,1,98,44,2,11,2,3,7
80398.0,0,0,92,342,51,936,207,35,26
18746.0,1,0,41,2,10,11,12,9,20
35196.0,1,0,68,75,12,141,43,39,187
60230.0,0,1,78,520,20,367,39,81,40
22108.0,1,1,46,5,3,9,6,2,6
44392.0,1,1,71,87,5,71,7,12,29
55424.0,0,1,6,462,61,184,10,53,107
17688.0,1,0,82,2,2,1,3,1,2
92491.0,0,0,71,979,44,935,29,25,22
90273.0,0,0,32,704,129,853,120,74,111
82571.0,0,0,28,861,31,558,62,95,79
38513.0,1,0,20,172,3,115,16,0,18
16653.0,1,0,10,5,7,31,15,4,7
42586.0,1,1,7,194,2,56,0,0,0
23529.0,0,1,67,9,7,13,3,2,20
74881.0,1,1,48,505,72,270,36,27,54
71107.0,0,1,61,533,10,217,198,174,195
46910.0,1,1,36,48,0,14,0,0,6
18690.0,0,0,77,6,1,7,23,4,19
37244.0,1,1,90,18,2,10,0,0,25
82427.0,0,0,35,482,147,509,104,107,107
75342.0,0,1,38,204,97,97,21,118,26
70044.0,0,1,46,1073,0,250,153,14,14
79146.0,1,1,33,245,16,223,21,43,16
77437.0,0,0,70,560,21,442,29,44,29
54984.0,0,1,51,173,13,131,32,3,6
42403.0,1,0,18,22,1,11,0,5,3
55761.0,0,1,97,136,1,12,0,3,32
37292.0,1,0,32,275,0,86,10,23,66
45576.0,0,0,9,56,19,29,2,14,25
70321.0,0,0,6,303,23,751,82,26,191
58086.0,0,1,80,708,7,62,0,0,15
81795.0,0,0,74,324,132,693,27,118,88
28389.0,0,0,49,1,5,3,7,4,8
66835.0,0,0,21,620,26,195,34,17,141
69901.0,0,1,95,312,21,206,102,92,149
80360.0,0,0,56,1493,86,454,112,43,43
63342.0,0,1,48,918,21,118,13,10,21
44989.0,0,1,26,98,0,106,49,10,106
31859.0,1,0,3,3,4,7,15,8,11
51569.0,0,1,39,380,0,47,6,0,34
30372.0,1,1,33,15,0,12,7,3,7
16014.0,1,1,42,3,9,4,7,8,7
41120.0,1,1,80,24,2,23,0,8,24
39763.0,1,0,9,80,1,60,4,6,16
38725.0,1,1,52,31,0,6,2,1,5
77981.0,1,0,78,138,120,204,16,126,60
62905.0,0,1,68,166,75,96,119,107,59
13533.0,1,0,45,12,3,8,8,0,17
59481.0,0,1,47,178,3,85,71,66,58
72117.0,0,1,34,707,20,171,65,60,50
21955.0,1,0,81,5,1,7,17,14,11
67131.0,0,1,72,465,71,250,93,35,62
36802.0,1,0,23,16,1,2,0,0,1
71853.0,0,0,29,358,108,413,141,97,32
28249.0,0,0,80,1,9,7,2,14,10
47808.0,0,1,30,123,1,26,2,0,72
25509.0,1,0,15,40,3,30,10,7,11
51012.0,0,0,86,102,9,63,2,9,24
70596.0,0,0,68,347,44,534,17,0,26
85431.0,0,0,54,376,53,462,168,53,53
42664.0,0,1,44,21,0,3,0,0,0
42586.0,1,1,7,194,2,56,0,0,0
29760.0,1,0,87,64,4,68,7,5,17
28973.0,0,0,59,206,0,46,3,2,12
39435.0,1,0,16,71,0,18,0,0,13
65370.0,0,0,1,71,22,112,138,89,29
20194.0,1,0,64,0,4,7,11,10,15
42473.0,1,1,72,93,1,21,0,4,25
64590.0,0,0,98,920,138,168,36,46,30
71232.0,0,1,91,653,17,170,34,26,17
34600.0,1,1,8,199,33,60,8,3,15
46904.0,1,1,20,153,4,56,0,9,31
49094.0,0,1,6,376,0,38,11,8,69
36075.0,1,0,54,46,0,30,12,1,30
60839.0,1,1,72,600,21,128,223,150,128
77298.0,0,1,46,425,115,292,23,35,79
34026.0,1,1,11,18,6,15,12,8,17
48918.0,1,1,21,52,0,9,0,0,1
82122.0,0,0,89,734,22,350,151,25,100
37697.0,1,0,82,34,6,21,11,4,8
34074.0,1,1,69,135,1,41,10,1,67
28520.0,1,1,55,11,0,10,0,2,20
62535.0,0,1,13,163,48,90,0,45,52
36273.0,1,0,80,29,3,30,3,2,9
63404.0,0,2,97,734,26,70,11,44,17
75774.0,1,0,27,340,21,134,258,14,56
78416.0,0,1,99,453,38,279,188,38,183
75702.0,0,1,87,1073,0,629,145,37,37
59385.0,1,1,85,135,0,10,0,4,36
37070.0,1,1,30,231,7,137,4,15,39
44689.0,1,1,82,18,0,5,0,0,11
53977.0,0,1,21,620,16,165,0,24,82
7144.0,0,2,92,81,4,33,5,2,291
18701.0,1,1,95,12,4,2,10,6,10
90369.0,0,0,2,292,51,981,224,23,17
63159.0,0,0,74,965,34,586,89,86,37
37758.0,1,1,49,27,2,10,0,0,1
46757.0,0,1,71,777,30,163,0,51,122
79734.0,0,0,72,572,8,232,23,62,17
63207.0,0,0,68,438,169,565,91,169,70
72071.0,0,1,4,531,69,300,150,138,150
21840.0,1,0,80,17,0,9,0,0,1
58582.0,0,1,15,402,35,106,101,77,42
72282.0,0,0,70,503,27,419,90,139,153
50387.0,0,2,91,369,9,87,12,14,34
32583.0,1,1,10,5,0,3,0,0,1
62568.0,0,1,99,362,17,398,80,35,61
44635.0,1,1,25,56,0,9,0,0,3
33316.0,1,1,34,79,1,31,4,4,12
63967.0,0,1,57,387,84,141,73,35,162
52513.0,0,0,84,367,17,241,104,188,232
25293.0,1,0,51,15,0,11,0,2,9
54111.0,0,1,97,267,6,54,8,3,50
78394.0,0,0,13,298,27,697,216,24,166
80739.0,0,0,92,674,92,736,39,0,92
22669.0,1,0,30,16,14,36,37,22,48
29236.0,1,0,30,37,4,24,16,9,9
44911.0,0,1,11,159,0,22,2,1,31
54693.0,0,1,72,686,17,142,23,26,35
48186.0,1,0,39,97,3,66,12,7,34
54809.0,1,1,0,63,6,57,13,13,22
41580.0,1,1,15,56,5,24,4,0,3
80336.0,0,0,12,209,19,456,160,142,66
47743.0,0,1,56,198,2,43,0,12,20
62972.0,0,1,39,313,15,47,20,0,192
57333.0,0,1,55,941,14,397,76,58,176
32313.0,1,0,60,86,4,56,2,4,7
84953.0,0,0,73,167,48,602,63,72,72
27071.0,1,0,90,8,3,19,0,2,3
68148.0,0,0,86,389,66,408,37,57,85
65735.0,1,1,37,239,7,119,4,15,11
86836.0,0,0,7,179,21,273,0,21,63
4023.0,1,1,29,5,0,1,1,1,1
30093.0,0,0,19,2,6,28,13,4,16
57705.0,0,1,14,383,0,53,6,4,40
25008.0,1,0,72,2,8,8,6,1,9
83257.0,0,0,56,536,27,590,38,107,67
22280.0,1,0,85,2,1,4,3,1,2
72159.0,0,0,62,322,53,899,34,40,53
64260.0,0,0,1,539,169,816,20,0,30
82733.0,0,0,28,712,50,420,65,38,38
74290.0,0,1,70,1121,0,72,0,12,12
58217.0,2,1,84,68,1,13,3,5,13
21024.0,0,0,89,36,4,18,6,2,18
70116.0,0,0,73,707,44,603,95,58,29
54006.0,1,0,42,174,77,203,6,24,97
69063.0,0,1,16,666,35,124,69,8,26
11448.0,0,0,16,0,0,0,6,2,6
61825.0,0,1,56,162,50,100,55,30,27
70886.0,1,0,65,407,70,239,103,88,53
69109.0,0,0,10,823,25,459,124,29,95
60208.0,1,1,13,488,23,71,15,0,59
32889.0,1,1,78,28,0,13,4,2,8
34738.0,1,0,51,3,2,10,3,0,2
30538.0,1,0,27,284,0,52,8,3,20
82326.0,0,0,30,938,142,754,159,81,183
26642.0,1,0,71,13,2,15,2,2,8
69932.0,0,1,97,412,172,153,150,105,57
44503.0,1,1,83,31,1,8,0,0,8
60200.0,0,1,3,502,19,132,0,6,26
49638.0,0,1,71,18,10,3,3,5,0
23830.0,0,0,3,1,8,6,4,8,16
33051.0,0,0,15,100,71,243,108,94,219
72905.0,0,0,52,407,114,445,181,165,203
69702.0,0,1,8,664,9,240,50,19,57
70300.0,1,0,89,1045,61,338,60,46,46
70643.0,0,0,66,1218,107,304,23,143,33
30396.0,1,0,22,15,0,6,0,1,12
50616.0,0,1,56,128,0,16,0,1,4
62772.0,0,1,74,581,49,157,43,8,108
30298.0,0,0,48,6,3,12,6,1,0
52413.0,1,0,67,185,8,133,56,56,12
44155.0,1,1,24,22,1,9,0,0,14
86979.0,0,0,67,584,100,835,65,83,35
76532.0,1,1,38,355,30,177,90,138,30
42081.0,1,0,86,175,10,110,54,6,27
67546.0,0,0,90,864,134,768,150,38,172
88420.0,0,0,87,957,153,612,99,95,153
31158.0,1,0,62,25,6,16,20,0,5
61671.0,0,1,23,641,7,56,0,0,28
69719.0,0,0,99,273,86,208,177,14,43
49160.0,0,1,29,122,21,43,25,10,15
24882.0,1,0,52,1,4,10,29,0,36
90933.0,0,0,90,1020,31,430,62,63,79
113734.0,0,0,9,6,2,3,1,262,3
59292.0,0,1,71,378,14,68,19,14,14
45759.0,1,1,13,42,1,18,3,0,4
22148.0,0,0,16,15,5,14,0,4,11
73395.0,0,0,94,272,7,80,20,7,11
29819.0,1,0,77,9,1,24,2,1,2
45688.0,0,1,20,279,0,18,0,0,9
62820.0,0,0,51,398,61,265,138,61,53
60491.0,0,1,81,637,47,237,12,19,76
33235.0,1,0,71,45,0,16,2,1,6
35701.0,0,0,36,21,1,9,7,3,5
31535.0,1,0,95,15,4,13,0,0,19
92556.0,0,0,32,493,183,352,184,23,28
67384.0,0,1,32,957,40,175,158,53,107
80573.0,0,0,85,829,138,430,60,92,15
77870.0,0,1,93,1017,50,500,65,50,133
52278.0,0,1,24,953,0,71,0,0,174
57107.0,0,1,44,159,0,120,0,0,137
18929.0,0,0,15,32,0,8,23,4,18
36038.0,1,0,82,23,0,15,0,2,7
20180.0,0,0,27,18,42,24,15,20,18
34230.0,1,1,72,15,0,4,0,0,2
31878.0,0,1,7,23,4,5,10,5,23
70932.0,0,1,57,200,193,100,46,185,185
91249.0,0,0,84,1324,27,119,71,108,27
77598.0,0,0,53,1193,33,281,129,66,33
80982.0,1,1,48,505,137,401,104,22,22
22701.0,1,0,2,2,4,9,0,4,5
55212.0,0,1,65,1103,0,45,0,0,34
70617.0,0,0,45,353,61,753,40,46,27
64849.0,0,0,42,652,48,350,94,84,108
62694.0,1,1,29,379,6,157,25,91,91
61917.0,1,1,83,46,4,36,2,2,1
67472.0,0,1,93,162,31,127,8,17,69
21059.0,1,0,40,8,3,19,3,3,8
29543.0,2,0,47,17,3,18,3,4,18
75903.0,0,1,50,340,108,185,130,38,100
34984.0,1,1,40,8,4,15,3,5,3
54998.0,0,1,3,154,22,202,39,30,8
54356.0,0,1,62,710,15,30,20,0,0
34242.0,0,1,25,8,2,4,0,0,1
25410.0,1,0,48,2,2,4,13,13,4
73356.0,0,0,56,1050,14,322,0,14,112
28320.0,0,1,68,19,1,14,3,2,4
23763.0,1,0,64,22,0,6,6,2,6
72570.0,0,0,67,274,83,216,151,141,224
34529.0,1,0,94,68,6,38,3,6,41
70792.0,0,0,82,344,45,654,104,11,114
63211.0,0,0,3,145,193,459,205,26,145
83891.0,0,1,24,217,38,350,111,85,15
36065.0,1,1,54,18,7,34,10,2,3
39898.0,0,1,20,69,8,26,12,7,12
51141.0,0,0,96,144,0,7,0,0,6
56939.0,0,1,19,256,34,103,90,29,49
80872.0,0,0,60,483,72,567,94,12,108
72335.0,0,0,2,1285,105,653,28,21,0
61798.0,0,0,13,338,4,89,11,8,13
76842.0,0,0,37,605,10,345,84,54,32
29478.0,1,0,59,8,0,7,3,1,1
46998.0,0,1,55,172,41,86,45,6,27
96843.0,0,0,60,448,71,951,40,17,17
56551.0,1,1,48,67,4,32,17,2,16
70053.0,0,1,38,512,53,98,81,179,89
71670.0,0,0,8,1462,16,128,0,0,160
44359.0,1,1,19,20,0,14,7,3,1
40887.0,1,1,32,50,4,44,10,10,43
48877.0,0,1,27,102,1,15,2,0,24
74485.0,0,0,58,499,149,815,173,49,49
64474.0,0,1,59,381,35,172,56,86,93
77226.0,0,1,29,631,43,239,128,76,21
72643.0,0,0,60,526,80,553,123,94,53
85738.0,0,0,41,913,26,376,17,26,13
55686.0,0,1,27,673,0,199,37,47,26
39062.0,1,0,28,23,0,9,0,0,12
34600.0,1,1,8,199,33,60,8,3,15
40794.0,0,1,18,261,23,73,4,23,50
54690.0,1,1,76,111,16,37,7,9,18
4428.0,0,1,0,16,4,12,2,4,321
32632.0,0,0,32,63,151,137,153,19,53
38236.0,1,1,2,58,0,18,2,0,10
36781.0,1,0,16,29,1,17,0,3,13
31385.0,1,0,56,3,2,12,0,1,9
24570.0,1,0,97,28,34,62,11,14,44
25509.0,1,0,15,40,3,30,10,7,11
94642.0,0,0,35,879,143,797,106,143,143
58646.0,0,1,3,62,1,44,6,5,22
53201.0,1,1,49,280,7,81,20,0,27
21994.0,0,1,4,9,0,6,3,1,3
57113.0,1,1,45,182,4,33,0,2,42
51373.0,0,0,37,83,2,101,64,26,117
23477.0,1,0,39,38,15,54,3,8,29
58116.0,0,1,38,228,19,130,4,11,51
72968.0,0,0,8,1092,37,592,145,37,55
39791.0,0,1,89,85,15,27,13,13,21
91712.0,0,0,47,1276,24,746,94,29,48
94472.0,0,1,75,1017,33,417,108,100,16
13672.0,1,1,86,6,2,9,2,1,5
96547.0,0,0,4,448,21,125,52,101,62
79205.0,0,0,73,504,23,117,179,28,44
56559.0,0,1,46,226,22,133,41,31,31
32644.0,1,0,38,239,3,141,0,7,23
67506.0,0,1,73,90,38,67,33,36,67
24206.0,1,0,66,7,2,8,3,2,3
28420.0,1,0,36,4,2,5,2,0,0
22979.0,1,0,29,16,17,19,20,21,22
33279.0,0,0,29,10,3,3,0,0,0
46423.0,1,1,6,68,0,16,0,0,8
30368.0,0,1,97,35,0,13,2,0,2
63684.0,0,1,61,575,80,428,208,93,80
41638.0,0,1,68,315,0,31,4,0,91
68805.0,0,1,73,182,2,49,17,13,20
65814.0,0,1,90,561,14,113,10,14,35
71964.0,0,0,81,587,51,932,180,34,86
39146.0,1,0,1,94,1,33,13,12,12
96876.0,0,0,79,908,43,735,40,194,21
34445.0,0,0,92,228,122,122,208,129,30
68281.0,0,0,31,995,112,417,42,48,41
37284.0,1,1,46,11,1,2,2,1,6
36790.0,0,0,14,3,3,14,15,21,10
27943.0,1,1,89,12,1,16,4,1,3
22263.0,1,1,31,17,0,2,0,0,2
30261.0,1,2,75,8,0,5,0,3,6
28587.0,1,0,42,22,4,17,12,10,13
43815.0,1,0,53,14,10,29,4,7,15
48195.0,1,1,53,106,27,68,52,7,5
77027.0,0,1,23,820,57,242,45,0,11
71322.0,0,1,57,753,43,226,69,10,204
32765.0,1,0,49,13,3,17,7,3,3
29672.0,1,1,6,9,1,3,0,4,8
23272.0,0,0,29,19,3,6,4,2,12
49912.0,0,1,5,520,8,223,32,49,42
7500.0,1,0,98,5,17,17,13,14,34
68117.0,0,1,80,618,44,215,0,17,36
67225.0,0,1,4,315,35,322,46,7,143
17649.0,1,0,70,15,1,23,0,5,1
55914.0,0,1,32,384,60,364,119,101,232
40059.0,1,0,82,110,29,92,28,10,145
60905.0,0,1,27,208,17,76,36,17,38
75330.0,1,1,94,555,82,257,93,61,61
60689.0,0,1,23,240,90,216,63,6,24
38680.0,1,0,97,11,0,36,15,5,12
61416.0,0,0,25,848,154,323,201,61,78
49767.0,0,0,92,202,47,197,55,42,149
83273.0,1,2,98,433,89,650,16,102,102
29009.0,1,0,19,6,6,15,10,5,2
45057.0,1,0,80,37,0,7,3,0,3
37150.0,1,0,80,167,37,64,49,34,116
43020.0,1,0,79,45,7,99,4,25,43
53154.0,0,1,50,129,0,21,0,1,7
65308.0,0,0,60,713,0,264,120,80,34
76467.0,1,0,44,676,161,426,210,44,58
81044.0,0,0,0,450,26,535,73,98,26
32871.0,1,1,28,22,2,12,0,2,5
55801.0,1,1,35,367,4,51,6,4,95
76320.0,0,1,49,526,35,214,69,53,35
36927.0,1,1,46,51,0,16,0,0,4
48794.0,1,1,97,25,0,11,3,0,15
23478.0,0,0,51,28,6,27,12,17,39
71128.0,1,0,80,958,159,447,20,0,31
70179.0,0,1,10,532,88,168,69,44,133
59462.0,0,1,29,724,17,143,0,8,196
38361.0,1,0,74,39,0,56,20,8,14
70038.0,0,0,54,587,54,348,71,54,130
42554.0,1,1,93,29,1,11,0,0,0
67445.0,0,1,63,757,80,217,29,80,11
67046.0,0,1,92,544,35,133,23,151,107
42192.0,0,0,40,40,15,15,17,6,7
77610.0,0,1,70,1245,33,332,21,33,16
31761.0,1,0,96,19,1,20,16,14,28
34350.0,1,0,81,16,3,15,2,1,11
54591.0,0,1,63,376,4,94,12,9,24
71866.0,0,1,85,184,178,178,103,39,33
25293.0,1,0,51,15,0,11,0,2,9
42000.0,0,0,23,124,83,267,85,59,35
69520.0,0,0,95,627,120,414,121,80,93
64713.0,1,0,11,180,60,241,13,54,54
27889.0,1,0,42,14,0,4,0,0,8
22123.0,0,0,77,3,3,24,34,7,31
27803.0,1,0,40,8,26,46,38,9,49
51651.0,0,1,32,293,6,23,13,6,92
68487.0,0,0,48,758,12,385,33,89,89
56796.0,0,1,24,656,38,161,62,47,37
87000.0,0,0,61,196,25,607,67,17,49
79823.0,0,1,6,835,73,380,114,73,43
30828.0,1,0,16,16,11,15,2,0,12
34109.0,0,1,39,9,1,5,2,1,4
53367.0,1,1,2,229,7,140,10,3,11
22390.0,0,0,49,0,1,4,15,1,5
71322.0,0,1,31,121,24,124,24,15,42
79244.0,0,0,58,471,102,125,212,61,245
49912.0,0,1,5,520,8,223,32,49,42
48699.0,1,1,90,26,1,10,2,0,1
80144.0,0,0,47,240,132,445,250,192,108
54252.0,1,1,25,178,4,26,8,4,44
81929.0,1,0,60,1486,55,278,49,0,185
76068.0,0,1,67,1115,12,128,33,12,76
53204.0,1,1,40,29,0,8,2,0,6
67911.0,0,1,63,529,0,356,63,28,0
14796.0,1,0,1,13,3,8,7,4,16
78128.0,0,1,89,934,24,230,16,24,36
14188.0,0,0,40,2,7,11,16,12,27
20425.0,1,0,5,4,12,5,3,16,17
58646.0,0,1,3,62,1,44,6,5,22
72967.0,0,1,1,158,35,179,0,0,125
48150.0,0,1,24,173,2,39,3,2,47
82332.0,0,0,89,830,59,968,51,79,19
58275.0,1,1,48,189,10,253,56,43,64
44953.0,0,0,31,728,17,133,11,8,124
34587.0,1,1,68,7,2,9,2,0,2
43018.0,0,1,46,35,4,17,7,6,64
45736.0,0,1,92,188,3,180,20,3,43
66476.0,0,1,80,742,28,152,25,9,57
27733.0,1,0,16,0,7,5,26,2,17
69805.0,0,1,50,750,71,174,13,10,20
72217.0,0,0,93,816,42,450,55,56,154
25818.0,1,0,51,5,2,8,2,2,9
37509.0,1,0,24,37,5,56,12,8,5
25176.0,1,1,79,4,0,4,0,0,5
43586.0,0,1,26,99,2,11,4,0,16
53230.0,0,1,86,176,72,98,136,21,229
50116.0,1,1,68,54,0,10,0,0,2
84906.0,0,0,98,997,15,414,99,30,76
61286.0,0,1,34,356,0,107,19,9,117
82333.0,0,0,60,1311,0,359,46,89,17
65220.0,0,0,3,890,63,292,0,25,12
33590.0,2,1,65,4,0,2,0,0,2
30992.0,1,0,83,17,0,14,7,3,2
72309.0,0,0,64,960,0,883,50,38,0
16005.0,1,0,69,1,3,2,20,30,47
65487.0,0,0,48,240,67,500,199,0,163
58692.0,0,1,21,301,11,61,4,7,11
40590.0,1,1,30,154,0,50,6,11,37
20587.0,1,0,39,2,3,6,4,1,9
62637.0,0,1,76,104,12,48,4,12,5
29435.0,1,1,11,70,3,37,4,2,64
19346.0,1,0,26,2,0,9,3,6,2
35788.0,1,1,34,23,2,11,3,1,4
36997.0,1,1,72,43,4,12,8,0,27
23539.0,0,0,13,4,24,11,16,1,25
65333.0,0,1,58,654,7,92,0,15,30
78499.0,0,0,12,912,72,170,47,36,97
29732.0,1,0,23,25,0,8,0,1,4
41275.0,1,2,33,24,4,22,0,2,9
63516.0,1,1,30,141,11,114,15,14,5
42769.0,0,1,15,71,0,13,3,1,0
49572.0,1,1,25,35,1,16,0,1,1
69209.0,0,0,4,496,32,849,229,48,128
17148.0,1,0,80,9,9,11,13,10,16
40590.0,1,1,30,154,0,50,6,11,37
30560.0,1,0,6,9,1,5,4,5,7
32146.0,1,0,16,26,3,23,4,7,3
41713.0,1,1,57,77,8,44,10,10,25
34176.0,0,1,9,11,2,7,4,2,2
58482.0,0,1,59,576,7,115,19,7,7
59686.0,0,1,78,89,15,89,34,42,5
60896.0,0,1,90,1013,30,399,60,46,153
62994.0,1,0,74,224,12,48,4,12,12
47320.0,0,1,10,200,19,111,50,15,19
74859.0,0,0,63,570,73,614,133,102,73
15253.0,1,0,13,1,3,3,8,1,13
31560.0,1,0,98,62,1,20,4,0,7
72071.0,0,1,4,531,69,300,150,138,150
91172.0,0,0,94,162,28,818,0,28,56
90000.0,0,0,91,675,144,133,94,192,241
41967.0,1,1,66,23,4,10,0,2,15
69263.0,0,1,14,492,5,32,13,5,21
65706.0,0,0,77,918,10,129,13,0,129
60934.0,0,1,41,224,155,155,192,93,54
71965.0,0,1,21,572,19,286,50,38,248
65210.0,0,1,25,626,0,70,0,7,28
79174.0,0,0,2,1074,37,518,193,92,129
81380.0,0,0,51,741,68,689,224,68,103
48432.0,0,1,3,322,3,50,4,3,42
52914.0,0,1,32,254,10,44,30,10,227
38946.0,0,1,84,116,6,82,6,6,41
26067.0,1,0,49,22,2,18,0,2,12
44325.0,0,1,69,516,0,21,0,0,5
42523.0,0,0,96,14,36,11,3,26,35
26487.0,1,0,23,2,8,10,12,14,23
53233.0,0,1,18,28,0,9,3,0,0
67716.0,0,1,8,530,142,217,62,9,56
76234.0,0,1,21,519,50,167,130,0,41
84117.0,0,0,60,611,76,749,59,45,26
65487.0,0,0,48,240,67,500,199,0,163
25224.0,1,0,36,4,9,12,11,2,8
89616.0,0,0,36,671,47,655,145,111,15
40851.0,1,1,63,23,1,7,0,4,24
27469.0,0,0,2,9,1,2,3,2,0
82347.0,0,0,38,556,54,845,202,133,63
73803.0,0,1,61,833,80,363,52,26,174
8820.0,1,1,52,12,0,13,4,2,4
43322.0,0,0,25,56,7,48,10,2,18
55593.0,0,1,63,293,8,124,11,4,106
50501.0,1,1,10,297,0,38,13,0,152
37085.0,1,1,65,39,1,16,2,0,3
16185.0,1,0,71,5,11,16,21,8,45
57731.0,0,1,0,266,21,300,65,8,44
48432.0,0,1,3,322,3,50,4,3,42
73807.0,0,1,88,366,124,156,71,78,54
18929.0,0,0,15,32,0,8,23,4,18
35893.0,1,1,80,158,0,23,0,0,18
61014.0,0,1,17,269,129,495,182,43,29
32144.0,1,1,76,41,0,10,0,0,3
14918.0,0,1,52,3,3,3,15,4,15
45146.0,1,1,28,33,0,5,0,0,15
41769.0,0,1,31,302,29,131,32,0,27
88325.0,0,0,42,519,71,860,93,27,53
38054.0,1,1,24,23,2,17,2,1,0
80617.0,0,0,42,594,51,631,72,55,32
5305.0,0,1,12,12,4,7,1,3,5
36807.0,1,1,88,4,2,5,0,0,5
28427.0,1,0,67,18,3,19,3,3,6
82032.0,0,0,54,332,194,377,149,125,57
22775.0,1,0,40,5,1,8,0,0,1
40101.0,1,0,73,171,3,129,26,24,62
58025.0,0,1,81,270,31,88,11,48,22
75777.0,0,0,12,712,26,538,69,13,80
7500.0,1,0,7,2,8,11,3,8,21
33562.0,1,2,33,21,12,12,0,3,3
57642.0,0,1,24,580,6,58,8,0,27
58554.0,1,1,55,368,24,68,38,0,88
63777.0,1,1,87,457,5,106,15,17,53
57967.0,0,1,39,229,7,137,4,0,91
24434.0,2,0,9,3,2,8,20,0,17
11012.0,1,0,82,24,3,26,7,1,23
44802.0,0,0,71,853,10,143,13,10,20
26816.0,0,0,50,5,1,6,3,4,3
34421.0,1,0,81,3,3,7,6,2,9
61223.0,0,1,46,709,43,182,42,118,247
64014.0,2,1,56,406,0,30,0,0,8
56981.0,0,0,91,908,48,217,32,12,24
69245.0,0,1,8,428,30,214,80,30,61
52869.0,1,1,40,84,3,61,2,1,21
